eid,subject,ts_all_zero,mean_global_nonzero_frac,mean_atlas_nonzero_frac,bbox_x0,bbox_x1,bbox_y0,bbox_y1,bbox_z0,bbox_z1,com_x,com_y,com_z
1002387,1002387_20227_2_0,1,0.03796465657540363,0.0,0,36,0,33,0,46,14.845920392202638,13.830775067118012,20.903029065016927
1002597,1002597_20227_2_0,1,0.047380485227042336,0.0,0,33,0,48,0,58,10.836953726003694,17.39787686767835,24.410129305305492
1003760,1003760_20227_2_0,0,0.007480371226716624,0.3535821643286573,25,46,47,75,24,49,34.51140402843602,60.51510663507109,36.370704976303315
1005039,1005039_20227_2_0,0,0.06162664837934522,0.498496993987976,9,51,30,75,6,73,28.719232013806494,51.25074605400352,42.13551217056772
1006338,1006338_20227_2_0,1,0.04120408274052795,0.0,0,41,0,47,0,48,13.902667240266725,17.207652183265218,20.05893740589374
1006367,1006367_20227_2_0,0,0.062245950440324875,0.5152805611222445,8,51,29,74,8,74,28.26006941354454,51.16616534662276,42.82539823796387
1006526,1006526_20227_2_0,0,0.08695931551058075,0.407064128256513,14,71,57,107,17,79,44.44584161443204,79.56642715181165,48.03094582887428
1007099,1007099_20227_2_0,1,0.024077444885994136,0.0,0,30,0,43,0,27,10.919707357474808,18.39460727925275,11.603092071964294
1007433,1007433_20227_2_0,1,0.007084859892602609,0.0,35,66,0,17,0,19,51.32384675527756,5.629397967161845,7.960750586395622
1008862,1008862_20227_2_0,1,0.029796295044807998,0.0,0,41,0,40,0,32,15.587655698085145,17.82610150585611,12.180107826733593
1010001,1010001_20227_2_0,1,0.02830841907361718,0.0,0,42,0,36,0,28,15.2244442705072,13.866898872886663,11.928029117094553
1011000,1011000_20227_2_0,0,0.10435516696228461,0.5250501002004008,12,74,52,108,15,80,44.63029492324352,78.55176550523387,47.92187400471368
1013719,1013719_20227_2_0,0,0.09056544826279679,0.4276052104208417,12,72,54,107,16,78,43.9441569721213,79.35151137044784,47.946420052112
1013732,1013732_20227_2_0,1,0.0018124833126345375,0.0,36,49,6,20,18,34,42.640586797066014,12.648533007334963,25.371638141809292
1015665,1015665_20227_2_0,1,0.0010812858882220714,0.0,38,52,0,5,25,43,45.216188524590166,1.8780737704918034,33.67520491803279
1016888,1016888_20227_2_0,0,0.061892538351858845,0.5033817635270541,9,50,30,75,7,73,28.21975799233881,51.50678409050227,42.56393871048581
1017078,1017078_20227_2_0,1,0.003095402430012774,0.0,22,41,31,47,39,56,30.29241231209735,39.337866857551894,47.62777380100215
1017844,1017844_20227_2_0,1,0.045231207949223876,0.0,0,40,0,37,0,41,17.040732848360154,15.447302030519019,19.223577534474735
1018012,1018012_20227_2_0,0,0.09128999843789641,0.004133266533066132,3,45,5,46,0,90,25.363757721386875,26.587820536158542,38.02890741617213
1018866,1018866_20227_2_0,0,0.015413863281591883,0.23183867735470942,31,57,31,62,34,67,44.17559117372242,47.170344282325885,49.14418170056781
1020156,1020156_20227_2_0,0,0.020039240928443468,0.04308617234468938,18,48,15,53,25,63,31.90982972136223,33.33580274214949,44.86819991154356
1020993,1020993_20227_2_0,0,0.08962153886037343,0.25425851703406815,13,82,61,107,19,82,45.102367266209285,83.08077137029483,47.878991284999074
1021345,1021345_20227_2_0,0,0.0045888177756309625,0.000125250501002004,20,41,31,50,38,56,30.328585224529213,40.558184451955576,47.623128923225494
1021980,1021980_20227_2_0,0,0.0505346050259852,0.3832665330661323,9,51,26,70,20,68,28.554873503748848,48.04472311132547,45.63015740781339
1023969,1023969_20227_2_0,1,0.03557829407209385,0.0,0,33,0,43,0,46,11.655944447904341,16.827863237217414,19.376969545992402
1025869,1025869_20227_2_0,1,0.0018667691820227358,0.0,37,49,6,19,18,36,43.24807121661721,12.105637982195846,26.226706231454006
1026826,1026826_20227_2_0,1,0.002590211482236888,0.0,23,39,32,47,39,55,30.288708297690334,39.6497005988024,47.67408041060736
1029301,1029301_20227_2_0,0,0.10201311945439377,0.5304358717434869,11,73,53,108,16,80,44.23982406602954,78.70464813205908,47.79362510860122
1032061,1032061_20227_2_0,0,0.005750978530492595,0.016533066132264528,21,41,30,54,27,60,30.174918127528414,41.820073203621654,44.515892891543054
1034881,1034881_20227_2_0,0,0.06329732370663917,0.4819639278557114,8,51,29,75,7,74,28.22660762418175,51.040133720726715,42.98906080442469
1035069,1035069_20227_2_0,0,0.05523531816504899,0.40643787575150303,8,51,28,71,14,73,28.27713259923381,49.09172232585194,45.550594700844414
1035775,1035775_20227_2_0,1,0.00948562476942354,0.0,47,71,18,51,4,26,58.57334734875029,34.32422331231021,15.237444522307872
1037972,1037972_20227_2_0,1,0.01056358703298919,0.0,43,70,9,38,25,51,56.905925537493445,22.843838489774516,37.455479811221814
1040828,1040828_20227_2_0,1,0.049740258733100756,0.0,0,37,0,45,0,56,12.623716506670824,15.432545604383366,21.594917255050447
1042616,1042616_20227_2_0,1,0.03310773307748809,0.0,0,35,0,44,0,30,12.844297952081382,16.798320171329138,13.800327934680766
1045972,1045972_20227_2_0,0,0.006221825356818804,0.2680360721442886,23,42,48,71,26,51,32.666666666666664,59.600249287749286,38.10630341880342
1046084,1046084_20227_2_0,1,0.03152901136568845,0.0,0,41,0,34,0,32,15.520503180013353,13.73850100144067,13.60845426754278
1047034,1047034_20227_2_0,1,0.03516616461469773,0.0,0,43,0,38,0,32,15.558187889862012,15.146336084682755,13.196458950286686
1047254,1047254_20227_2_0,1,0.05255980031663064,0.0,0,46,0,44,0,36,17.859596981577504,19.197989123561403,14.280110450655537
1053930,1053930_20227_2_0,1,0.03237321202841921,0.0,0,34,0,43,0,41,13.057903562506416,18.966222921871257,15.437767359091065
1055110,1055110_20227_2_0,1,0.037354217513507766,0.0,0,44,0,47,0,46,13.971438740101432,16.326037310555506,19.11504582258208
1055187,1055187_20227_2_0,1,0.0012164466242498301,0.0,38,53,0,6,26,44,45.12204007285975,2.2923497267759565,34.40983606557377
1055346,1055346_20227_2_0,0,0.10312431796452363,0.27617735470941884,0,59,55,108,0,90,24.541860490100234,82.74042521190765,48.01652288817507
1056247,1056247_20227_2_0,1,0.032464057769028026,0.0,0,37,0,45,0,29,13.577893048493328,16.08302904139508,13.007200627922055
1057429,1057429_20227_2_0,1,0.002186945023924558,0.0,23,40,33,48,40,55,30.65450861195542,40.1757852077001,48.203647416413375
1058954,1058954_20227_2_0,0,0.005085145724323061,0.23046092184368738,24,42,50,70,27,50,32.73834422657952,59.85904139433551,38.70087145969499
1059028,1059028_20227_2_0,1,0.023761700543634207,0.0,0,37,0,29,0,34,15.998274897426333,12.561450951137635,14.875279746363297
1059977,1059977_20227_2_0,1,0.0019343495500366154,0.0,34,50,7,20,19,34,42.08877434135166,12.438144329896907,25.72852233676976
1063056,1063056_20227_2_0,0,0.0960527525705467,0.4868486973947896,12,72,54,107,15,78,44.468846597462516,78.69284890426759,47.45922722029989
1065049,1065049_20227_2_0,1,0.0027298037178065406,0.0,81,90,52,69,21,43,86.91477272727273,60.70738636363637,31.34172077922078
1068257,1068257_20227_2_0,1,0.03836570728394501,0.0,0,47,0,39,0,35,20.099768986427954,16.73687554143806,15.920820098180767
1068597,1068597_20227_2_0,0,0.058801567421387965,0.42560120240480964,9,50,29,73,9,73,28.33099706081845,50.24178536438315,43.26870902102645
1070509,1070509_20227_2_0,1,0.036825761193136936,0.0,0,39,0,35,0,37,14.675090252707582,13.676052948255114,16.350300842358603
1071018,1071018_20227_2_0,0,0.005061880351728118,0.004258517034068136,21,39,30,52,29,60,29.810899540380827,40.74370759465966,44.83891442328737
1071322,1071322_20227_2_0,1,0.0025082287407118538,0.0,23,38,31,47,37,55,29.924028268551236,39.39134275618375,46.83966431095406
1074252,1074252_20227_2_0,1,0.0010092740206662982,0.0,39,51,0,6,27,43,45.096597145993414,2.3117453347969263,33.96926454445664
1075281,1075281_20227_2_0,0,0.06285528162733527,0.40756513026052105,43,90,35,92,14,62,66.55055961928262,62.744690226491585,38.17317352604213
1075327,1075327_20227_2_0,1,0.034027269232431046,0.0,0,41,0,39,0,31,14.806830761216384,15.277690955264701,13.363808035423585
1077324,1077324_20227_2_0,1,0.030955132175013212,0.0,0,36,0,44,0,29,13.1001037901292,15.893310905121506,13.059446691242261
1078494,1078494_20227_2_0,1,0.020157783541189127,0.0,0,26,0,42,0,27,10.43011816433086,18.54141247595493,10.311074471008519
1079510,1079510_20227_2_0,1,0.04247924673370787,0.0,0,44,0,35,0,38,16.04684036199567,14.24022637769606,16.54651435724904
1080342,1080342_20227_2_0,1,0.027439845163406005,0.0,0,33,0,33,0,34,14.14361272609819,14.042756782945736,15.276929909560723
1084416,1084416_20227_2_0,1,0.0023697443800276747,0.0,23,38,32,48,39,55,29.912108461898082,39.541841982234686,47.41140719962599
1084571,1084571_20227_2_0,1,0.0022379072686563362,0.0,22,40,33,48,39,55,30.33910891089109,40.07079207920792,47.87326732673267
1085217,1085217_20227_2_0,0,0.06252735066123513,0.5189128256513026,8,50,29,75,6,73,27.93135952089867,51.8005988766633,41.66285724410425
1085261,1085261_20227_2_0,1,0.00956982326071952,0.0,35,56,0,26,16,42,45.628270432970595,12.107084973373466,27.963070155128502
1088904,1088904_20227_2_0,0,0.020777085602168777,0.14604208416833667,25,60,25,65,27,64,43.13287831929188,44.11720166364509,44.64738189186307
1089426,1089426_20227_2_0,0,0.09562954436429585,0.33554609218436876,7,76,59,106,18,83,43.2678120438379,81.94476239023147,47.89594290877916
1089987,1089987_20227_2_0,1,0.011063238606337709,0.0,17,57,5,34,0,21,36.56048467854997,16.98027238133387,7.2826957740837175
1090467,1090467_20227_2_0,1,0.0380699046895236,0.0,0,43,0,37,0,33,15.253877717312225,14.75101126211332,14.97648633704857
1094222,1094222_20227_2_0,1,0.03320854969206617,0.0,27,60,32,64,49,90,43.46215179316097,47.69881567973311,70.58448707256046
1094939,1094939_20227_2_0,1,0.04390508171131218,0.0,0,41,0,38,0,45,13.853393893515014,14.164875094625284,19.309109260661117
1095450,1095450_20227_2_0,1,0.0022212891453742348,0.0,22,39,32,47,39,56,29.85286783042394,39.34862842892768,47.98004987531172
1096521,1096521_20227_2_0,0,0.004298554555636923,0.001628256513026052,22,39,30,52,29,60,30.141752577319586,40.58762886597938,45.151546391752575
1097117,1097117_20227_2_0,0,0.09106731558591626,0.46968937875751504,16,75,54,108,17,79,44.681861313868616,78.64610705596107,47.66925790754258
1097909,1097909_20227_2_0,0,0.0022722513901060125,0.01002004008016032,40,56,31,47,29,45,47.17308629936616,39.40029254022428,36.40273037542662
1100558,1100558_20227_2_0,1,0.002038489789271118,0.0,23,38,32,47,40,55,30.095108695652176,39.67445652173913,47.792391304347824
1101156,1101156_20227_2_0,1,0.036282902499254956,0.0,6,45,1,45,0,41,25.239419847328243,24.365282442748093,20.15242748091603
1101643,1101643_20227_2_0,1,0.032912747097644766,0.0,0,40,0,37,0,36,17.986299986535613,15.409620304295139,15.086239396795476
1101862,1101862_20227_2_0,1,0.03279974385932648,0.0,0,42,0,34,0,31,16.085827197189758,13.744747686279808,13.32304262649463
1103202,1103202_20227_2_0,1,0.0306637610801337,0.0,0,46,0,40,0,29,15.812125153551557,14.63183756051738,12.101488546860322
1103932,1103932_20227_2_0,1,0.04459971926450402,0.0,0,48,0,42,0,36,20.388628064684404,18.133243907891796,15.974811833966763
1104267,1104267_20227_2_0,0,0.05246895457602182,0.3999248496993988,8,51,28,70,18,70,28.66611064189189,48.81855996621621,45.69064611486486
1105121,1105121_20227_2_0,1,0.02451173184109972,0.0,0,35,0,38,0,33,13.108158192090395,17.06734463276836,12.262418079096046
1105787,1105787_20227_2_0,1,0.0029192503232224978,0.0,22,39,32,47,38,55,29.79924098671727,39.42656546489564,47.0853889943074
1106939,1106939_20227_2_0,1,0.034089310226017557,0.0,0,42,0,35,0,31,15.57601559961001,14.291192720181995,13.60627234319142
1108184,1108184_20227_2_0,1,0.00264892885116698,0.0,22,40,32,48,39,55,30.476787954830616,39.63613550815558,47.82559598494354
1108382,1108382_20227_2_0,1,0.045622287783796,0.0,0,39,0,38,0,42,16.490189412336086,15.659349198640117,18.953156872268092
1109233,1109233_20227_2_0,1,0.043361115142544725,0.0,0,48,0,43,0,35,21.000945348629244,18.39788957306012,15.785686910753979
1111295,1111295_20227_2_0,0,0.01718757097323485,0.25551102204408815,30,57,33,59,32,63,44.16746164754415,46.123114606162176,47.344527523527134
1111524,1111524_20227_2_0,1,0.028434716810561148,0.0,0,40,0,35,0,29,14.875204550767553,14.358411906802774,12.33378789059456
1111963,1111963_20227_2_0,1,0.033062310207183684,0.0,0,38,0,44,0,29,13.79271520959689,15.805415005193847,13.404014341721677
1119729,1119729_20227_2_0,0,0.0069873669026809465,0.33617234468937873,24,46,48,76,25,47,34.488029173933725,61.52528936102743,35.8249563976534
1122435,1122435_20227_2_0,1,0.006582992569483143,0.0,35,63,0,15,0,22,49.583810164927634,5.047458768091552,8.762874453046113
1124163,1124163_20227_2_0,1,0.0059138361386571895,0.0,38,64,0,16,0,19,51.19201948295242,5.703634319970027,7.710378418883477
1128997,1128997_20227_2_0,1,0.03928302768911701,0.0,0,43,0,36,0,37,15.337920920525692,13.523859213717637,17.073241581589485
1131661,1131661_20227_2_0,1,0.002416275125217559,0.0,23,39,32,48,39,56,30.05685465382852,39.624484181568086,47.70288858321871
1132975,1132975_20227_2_0,0,0.006533138199636838,0.33491983967935873,25,44,48,74,25,46,34.2937086654231,60.805833474648125,35.68763778192301
1133521,1133521_20227_2_0,1,0.0051970410877558776,0.0,28,67,0,17,0,15,48.13557876785334,6.121509273076104,4.763803027073119
1133628,1133628_20227_2_0,1,0.004237621436935884,0.0,28,59,0,19,0,14,43.72183006535948,6.61516339869281,4.632156862745098
1133854,1133854_20227_2_0,1,0.0626658350219193,0.0,0,30,0,61,0,48,11.244271975107843,23.060816066756242,21.869934940951843
1134039,1134039_20227_2_0,0,0.0614150442762198,0.5117735470941884,8,50,29,75,7,73,28.317669342473167,51.87082168305222,42.25516370524037
1135092,1135092_20227_2_0,1,0.04991973446454745,0.0,38,90,0,50,0,37,71.46450209725027,16.884085310370846,13.766550522648084
1135325,1135325_20227_2_0,1,0.031735076094386507,0.0,0,42,0,35,0,31,15.353639378600105,13.79849886542154,13.215360446849363
1136698,1136698_20227_2_0,0,0.01696156449659827,0.13564629258517033,25,62,25,56,29,58,44.62795558458524,39.27433050293926,43.170215545395166
1137366,1137366_20227_2_0,1,0.04616957797721988,0.0,0,36,0,46,0,58,12.132552670729952,16.52406776407352,25.59233574890819
1137382,1137382_20227_2_0,1,0.046078732236611054,0.0,0,39,0,42,0,48,14.289671090594345,16.35475572225428,21.682102327370647
1137799,1137799_20227_2_0,1,0.035779927301250014,0.0,0,33,0,50,0,50,11.532171166707952,20.11964329947981,19.281118404756008
1138546,1138546_20227_2_0,1,0.027155121317839332,0.0,0,35,0,33,0,34,15.013748929052262,14.309167312635143,14.689975929174656
1138821,1138821_20227_2_0,1,0.0022545253919384377,0.0,23,39,32,47,39,55,30.372972972972974,39.383292383292385,47.62407862407862
1141086,1141086_20227_2_0,1,0.007071565393976928,0.0,19,44,20,44,4,25,31.828607237975874,32.18799937333542,14.379602067993106
1142638,1142638_20227_2_0,1,0.03282300923192142,0.0,0,39,0,44,0,29,14.153879906841732,15.570965673203498,13.077463124852331
1144302,1144302_20227_2_0,0,0.04602333849233738,0.3091182364729459,40,81,24,69,21,68,61.36375234702229,46.86052669587406,45.940445813875115
1144744,1144744_20227_2_0,1,0.026646606745407028,0.0,0,30,0,39,0,38,10.975719274904375,17.908905704307333,16.66056876767005
1147403,1147403_20227_2_0,1,0.002592427232007835,0.0,22,39,32,46,39,56,30.0991452991453,39.05384615384615,47.79059829059829
1148520,1148520_20227_2_0,1,0.03192895419934436,0.0,0,43,0,33,0,32,15.997952810548231,13.208743927827896,13.754233171408744
1150435,1150435_20227_2_0,0,0.06168314999850437,0.36986472945891785,43,81,25,81,20,76,60.398890026402285,51.56971460387593,47.88172854140848
1151215,1151215_20227_2_0,1,0.0439084053359686,0.0,0,35,0,43,0,52,11.566068680140287,15.263770090581081,22.629071733151665
1151509,1151509_20227_2_0,1,0.03380015488090899,0.0,0,42,0,35,0,30,15.45675046707529,14.57730505752401,13.604444590120949
1151630,1151630_20227_2_0,1,0.03694098018122617,0.0,0,38,0,43,0,45,13.155560220729367,16.254498560460654,19.210412667946258
1151898,1151898_20227_2_0,0,0.006074477997050837,0.003381763527054108,22,38,24,52,27,56,29.689038847346342,37.93051249316068,42.98595659310596
1152252,1152252_20227_2_0,1,0.032919394346957606,0.0,0,37,0,43,0,31,13.520259810190483,16.13172242040789,13.655078414215522
1153894,1153894_20227_2_0,1,0.03840115928028016,0.0,0,38,0,44,0,47,13.23651260746639,16.90136172177024,19.755120881657145
1154902,1154902_20227_2_0,0,0.05892343365879005,0.47394789579158314,9,51,29,74,11,72,28.34588049486707,50.59536344150716,43.71434212010679
1155607,1155607_20227_2_0,1,0.03300137708848264,0.0,0,43,0,36,0,32,15.029810662011549,13.841580502215658,13.805190009399759
1156826,1156826_20227_2_0,1,0.039062560586907796,0.0,0,40,0,47,0,49,13.628974162625145,17.085453359425962,19.671289599818486
1157253,1157253_20227_2_0,0,0.006893197537415704,0.10871743486973948,32,55,57,79,36,59,43.89360334297653,67.67791706846673,47.23915139826423
1160426,1160426_20227_2_0,1,0.019840931323943725,0.0,17,54,1,28,16,54,35.57591155285052,14.311351834273271,33.70740968228265
1160857,1160857_20227_2_0,1,0.030462127850977534,0.0,0,41,0,35,0,31,14.607106488216468,13.575720104742508,13.654422461448938
1163999,1163999_20227_2_0,1,0.0028339439570410434,0.0,22,41,32,48,39,55,30.546911649726347,40.231430805316656,47.60946051602815
1166102,1166102_20227_2_0,1,0.003400068023517968,0.0,30,60,0,17,0,11,44.65917236884979,6.649723036819811,3.7644183773216033
1166646,1166646_20227_2_0,1,0.005552668925992849,0.0,31,58,0,15,0,19,44.672386272944934,5.124301675977653,7.637869114126097
1167142,1167142_20227_2_0,1,0.0027275879680355936,0.0,22,40,32,47,39,56,30.164500406173843,39.56661251015434,47.64419171405361
1167741,1167741_20227_2_0,1,0.0010967961366186994,0.0,38,52,0,6,28,46,45.02121212121212,2.118181818181818,36.29191919191919
1169378,1169378_20227_2_0,1,0.0017426871948497112,0.0,23,38,34,47,40,55,29.865861411315958,40.56261919898284,47.968213604577244
1169721,1169721_20227_2_0,1,0.02928999622214664,0.0,0,43,0,35,0,29,15.61025796202436,13.94001059081625,12.360087752477494
1169932,1169932_20227_2_0,1,0.009513321641560376,0.0,20,57,1,26,18,39,38.25713287527658,13.690928147199255,27.417724467217887
1170182,1170182_20227_2_0,1,0.00401383071007025,0.0,26,58,0,22,0,12,41.73999447971295,7.294507314380348,3.9158156224123655
1170433,1170433_20227_2_0,1,0.0022500938923965437,0.0,23,39,32,48,40,55,30.520925652387987,39.80059084194978,48.04234367306746
1170755,1170755_20227_2_0,1,0.02591873294565098,0.0,0,34,0,40,0,29,12.973712331694806,16.04086343235734,12.763111776020517
1171312,1171312_20227_2_0,0,0.05980197844297048,0.48471943887775554,8,50,30,74,7,74,28.171122103040073,51.735193315919155,42.52755701291243
1173196,1173196_20227_2_0,1,0.0010458338918869214,0.0,38,52,0,6,27,43,44.99576271186441,2.1716101694915255,34.54978813559322
1173655,1173655_20227_2_0,1,0.025334882881006483,0.0,0,36,0,37,4,38,13.213398635648067,15.4749431520028,21.176928458981983
1174288,1174288_20227_2_0,1,0.002337616008348945,0.0,23,39,33,47,39,55,30.392417061611376,39.92796208530806,47.71042654028436
1175630,1175630_20227_2_0,1,0.040445188443978645,0.0,0,36,0,45,0,50,12.77097542936971,17.23485906812392,20.692059057167118
1177479,1177479_20227_2_0,0,0.07069238856717433,0.018912825651302607,0,45,0,49,0,53,19.85053832531461,20.214029368897805,25.161669983858076
1177832,1177832_20227_2_0,1,0.002551435861245318,0.0,22,40,32,48,39,55,30.348241424229265,39.587060356057314,47.47590099869735
1181933,1181933_20227_2_0,1,0.005316691575387008,0.0,48,69,0,16,0,23,57.96853511148156,5.497186913940404,9.346947280683477
1182839,1182839_20227_2_0,1,0.03305455508298537,0.0,0,45,0,35,0,31,16.433436117442017,13.461221343343611,13.324239174152032
1182886,1182886_20227_2_0,0,0.007214481254203001,0.34018036072144286,25,45,47,75,24,48,34.34167690417691,61.40924447174447,36.258292383292385
1183735,1183735_20227_2_0,0,0.7804468945713022,1.0,0,90,0,108,0,90,44.77090910123301,53.60849679326116,40.18171520070863
1187755,1187755_20227_2_0,1,0.024858496680252907,0.0,0,41,0,37,0,27,14.377662893305999,14.555887333986986,10.537079953650059
1189819,1189819_20227_2_0,0,0.07096160216434437,0.5458416833667334,17,77,49,100,16,68,46.00201398863423,76.61963716979953,42.38147130456504
1194298,1194298_20227_2_0,1,0.031188893775848107,0.0,0,42,0,40,0,30,15.509626314293833,15.900255754475703,11.61615515771526
1196181,1196181_20227_2_0,0,0.05698243685944059,0.42071643286573146,40,81,29,73,6,73,61.525100128319785,50.54119842905471,42.07823618618035
1196472,1196472_20227_2_0,1,0.002490502742544279,0.0,22,39,32,48,39,55,30.274021352313166,39.805604982206404,47.78603202846975
1197185,1197185_20227_2_0,1,0.003435520019853118,0.0,43,62,0,10,24,48,52.52692679780716,3.7349242179941955,35.38503708481135
1198062,1198062_20227_2_0,1,0.0336328657732025,0.0,0,37,0,43,0,30,13.741682587785757,16.437150009882075,13.336056393701824
1198442,1198442_20227_2_0,1,0.038208389050207785,0.0,0,38,0,43,0,35,13.832869403850614,15.921363952679192,15.605978891208537
1199447,1199447_20227_2_0,1,0.002439540497812501,0.0,22,40,32,48,40,55,30.307447774750226,40.084468664850135,48.05313351498638
1199550,1199550_20227_2_0,0,0.0222981978199238,0.4316132264529058,44,80,40,73,12,51,61.54787101902917,56.75306801808516,31.78551199880757
1199968,1199968_20227_2_0,1,0.0335830114033562,0.0,0,49,0,41,0,29,16.975752977270478,14.7964569656583,12.375944314320588
1201311,1201311_20227_2_0,1,0.04194635891379515,0.0,0,38,0,44,0,44,13.414029898050815,14.83762083355343,17.66546933600972
1202147,1202147_20227_2_0,0,0.01729725058689672,0.1538076152304609,14,45,60,91,22,57,29.75104079933389,76.15461474412349,39.336898738230964
1203136,1203136_20227_2_0,1,0.0033446742792442963,0.0,22,41,31,47,37,55,30.56111295130838,39.33653527658165,46.43988075521696
1206089,1206089_20227_2_0,1,0.042680879962864036,0.0,0,41,0,45,0,35,15.574172615184946,17.1130175210902,14.769448410123296
1206783,1206783_20227_2_0,1,0.009673963499954023,0.0,36,54,0,27,16,46,44.56310123683005,12.876431516262025,29.77897388914338
1209936,1209936_20227_2_0,1,0.03734313876465303,0.0,0,42,0,42,0,31,17.85145518734981,16.705521108375116,11.690123713175305
1209972,1209972_20227_2_0,1,0.002441756247583448,0.0,23,38,32,48,39,55,30.24410163339383,39.86978221415608,47.759981851179674
1215278,1215278_20227_2_0,0,0.003695870617939375,0.002129258517034068,23,41,33,51,36,56,31.11360911270983,41.79586330935252,46.773381294964025
1216861,1216861_20227_2_0,0,0.06808555896165534,0.6310120240480962,17,73,48,101,18,67,43.382436214527466,76.56098672220776,42.27315477740172
1216985,1216985_20227_2_0,0,0.05978314456991743,0.48208917835671344,9,50,29,73,11,74,28.15638782847189,50.25380823542493,43.905526110966974
1217569,1217569_20227_2_0,0,0.06255283178360102,0.530185370741483,8,50,29,76,7,73,28.594116396868692,51.67080514328221,42.34756119159789
1218404,1218404_20227_2_0,1,0.009322767161258945,0.0,18,43,74,97,27,58,30.962091503267974,85.55068330362448,41.17017231134878
1219786,1219786_20227_2_0,0,0.10198320683248599,0.5731462925851704,0,56,45,108,22,90,23.78563436281273,78.68621337707624,59.49046744810055
1220347,1220347_20227_2_0,1,0.026078266929159155,0.0,0,29,0,44,0,41,10.053485704575385,17.811164450486427,15.82934704108076
1221689,1221689_20227_2_0,0,0.00913110480607204,0.023046092184368736,33,61,54,81,8,33,46.01977675321524,66.92586750788644,19.606406212084444
1222309,1222309_20227_2_0,1,0.03862716575691674,0.0,0,38,0,46,0,47,13.521166752710377,17.22488957723857,19.589313371192567
1222712,1222712_20227_2_0,1,0.008773261218064122,0.0,44,70,10,37,25,49,56.86020962242707,23.09306730647809,36.86816517237025
1224043,1224043_20227_2_0,1,0.002474992494147651,0.0,23,39,32,47,39,55,30.188003581020592,39.41629364368845,47.77170993733214
1229350,1229350_20227_2_0,1,0.010531458661310462,0.0,35,58,0,25,16,43,46.667999158426255,11.734167893961708,28.673574584472963
1229520,1229520_20227_2_0,1,0.0333702994253453,0.0,0,39,0,36,0,35,17.2367451279838,15.211978353972311,15.373028783904918
1230418,1230418_20227_2_0,0,0.09219180859467178,0.1189879759519038,13,80,65,108,22,80,44.696004326143125,85.70742053716278,49.0612629934507
1230995,1230995_20227_2_0,0,0.005140539468596732,0.014779559118236472,24,43,39,71,41,61,33.08728448275862,54.546551724137935,51.695689655172416
1232476,1232476_20227_2_0,1,0.0321981677965144,0.0,0,31,0,43,0,44,10.928224890754567,19.269105047655096,19.068231084196402
1232633,1232633_20227_2_0,0,0.07030020085771674,0.6439128256513026,16,74,48,100,18,67,43.15352612087306,75.81306437632968,42.44953116381688
1233661,1233661_20227_2_0,1,0.028562122422390594,0.0,9,46,29,62,42,84,27.403203909856096,44.47833675962919,61.88472130638843
1234156,1234156_20227_2_0,0,0.005577042173473265,0.016533066132264528,20,41,30,53,27,59,30.177791021056812,41.471990464839095,44.33174413984903
1235472,1235472_20227_2_0,1,0.04027457571161574,0.0,0,41,0,45,0,49,13.647181800676698,16.81286276235799,20.346216268258466
1236216,1236216_20227_2_0,1,0.003461001142219007,0.0,36,51,0,14,0,20,43.2410371318822,4.946862996158771,8.587067861715749
1238765,1238765_20227_2_0,0,0.0016407627053861553,0.009268537074148297,38,50,35,51,31,46,44.386225523295074,42.63200540175557,38.646860229574614
1239530,1239530_20227_2_0,1,0.04119189611678774,0.0,0,45,0,42,0,31,17.99822489981442,17.72052930260079,12.110405852451521
1243270,1243270_20227_2_0,0,0.09327309448289386,0.27968436873747493,11,77,60,108,18,81,44.01216282025395,82.9087550925871,48.45830314404152
1244518,1244518_20227_2_0,0,0.006711506056198062,0.3395541082164329,25,43,46,75,26,47,34.198910531528554,60.00181578078574,36.43727302740178
1244547,1244547_20227_2_0,1,0.008408770380743362,0.0,27,54,0,14,0,30,40.63399209486166,5.531093544137023,15.555862977602109
1247665,1247665_20227_2_0,1,0.005671211538738508,0.0,77,90,38,65,38,65,85.30865403399102,50.54971674155109,52.60421957413557
1248767,1248767_20227_2_0,1,0.03235770178002258,0.0,0,43,0,39,0,30,14.85342554866984,14.696442633615229,13.102578149073851
1249407,1249407_20227_2_0,1,0.023019424370367005,0.0,0,31,0,39,0,34,11.466743671190683,17.451583405525074,12.534411396669555
1250712,1250712_20227_2_0,0,0.09881911615957387,0.5048847695390781,13,73,53,108,16,80,44.18692332701772,78.69309505925087,48.74410574346671
1250777,1250777_20227_2_0,1,0.031325162386761335,0.0,0,42,0,35,0,32,14.836145004420867,13.731918656056587,13.951193633952254
1257816,1257816_20227_2_0,0,0.3484809373507831,1.0,8,80,8,99,2,74,44.27340732286544,52.16760186807143,39.80983566948234
1258213,1258213_20227_2_0,0,0.006265032477352267,0.2985971943887776,45,65,50,75,23,48,55.54394341290893,62.44084880636605,35.70415561450044
1258658,1258658_20227_2_0,1,0.039965478618568646,0.0,0,45,0,42,0,30,18.05585740422465,17.092753783888675,11.858374452514276
1258709,1258709_20227_2_0,1,0.006625091815131133,0.0,45,72,77,97,26,55,57.79581939799331,87.2690635451505,39.83411371237458
1259119,1259119_20227_2_0,1,0.03907253146087706,0.0,0,37,0,43,0,39,12.900362935238743,15.408557332425996,16.770613587388
1260497,1260497_20227_2_0,1,0.0023509105069746262,0.0,23,39,32,47,39,55,30.016493873704054,39.758246936852025,47.86003770028275
1261535,1261535_20227_2_0,0,0.01926816000815396,0.2374749498997996,29,57,31,57,30,63,43.72303357865685,43.99913753449862,46.28311867525299
1262683,1262683_20227_2_0,0,0.08843943635757327,0.18198897795591182,8,77,63,108,20,82,43.3384902540462,84.39803076614722,48.97450769153681
1265416,1265416_20227_2_0,1,0.03737637501121723,0.0,0,44,0,36,0,33,16.55256839671577,13.499925897382695,15.018318166997659
1265887,1265887_20227_2_0,1,0.043897326587113865,0.0,0,41,0,47,0,48,14.46844004744719,17.287358352472047,20.474093329631778
1266791,1266791_20227_2_0,1,0.046802174536825204,0.0,0,34,0,47,0,53,12.03427624570955,17.86616167593798,22.51804947331045
1267608,1267608_20227_2_0,1,0.0057299289076686,0.0,38,65,0,16,0,18,51.72331786542924,5.566125290023201,7.483758700696056
1271592,1271592_20227_2_0,1,0.02822754420697762,0.0,0,42,0,36,0,29,15.239648337846853,13.827151772047568,12.354762745790651
1272974,1272974_20227_2_0,0,0.060781339841728996,0.39554108216432865,41,80,23,75,21,70,61.1081056449702,49.245156116143846,46.6914860652899
1273312,1273312_20227_2_0,0,0.14148005437449937,0.29195891783567135,0,47,0,92,23,81,23.460815636158618,45.187488254087576,50.38783436697363
1276298,1276298_20227_2_0,1,0.005425263314163405,0.0,27,65,0,17,0,16,46.901368184602816,5.985297120686134,5.1588727792526035
1277056,1277056_20227_2_0,0,0.08356921836103205,0.405185370741483,0,63,45,108,29,90,25.06879043376816,78.43449729557747,62.218779828189625
1278741,1278741_20227_2_0,1,0.004674124141812417,0.0,21,57,0,21,0,14,38.49253377577625,7.58829106423323,4.125385162360749
1280845,1280845_20227_2_0,1,0.057131999968979504,0.0,0,51,0,46,0,35,20.078923384203687,19.73272702592643,13.673951404913804
1281431,1281431_20227_2_0,1,0.031747262718126716,0.0,0,44,0,35,0,29,16.672424623115578,14.557684254606365,11.935685371300949
1283394,1283394_20227_2_0,1,0.04796101166703042,0.0,0,41,0,43,0,52,15.214640456445913,18.25857568547735,23.197893326557484
1284073,1284073_20227_2_0,0,0.34932070651397196,1.0,9,78,8,98,2,77,44.055476091555214,51.515088469333065,40.250321115611136
1284779,1284779_20227_2_0,1,0.04269195871171877,0.0,0,44,0,32,0,44,17.083664201375374,12.339172181134034,18.13369663941871
1284983,1284983_20227_2_0,1,0.038626057882031266,0.0,0,37,0,43,0,46,13.132539796357378,16.859543955255987,19.593489172522588
1285358,1285358_20227_2_0,0,0.08803616989926094,0.24636773547094187,13,78,61,108,18,82,44.387445887445885,83.19718363032317,48.61888402295379
1285390,1285390_20227_2_0,1,0.04115201262091069,0.0,0,43,0,40,0,38,14.764463588639117,14.258150491317808,17.24447435724862
1285729,1285729_20227_2_0,0,0.03407933935204829,0.9034318637274549,28,65,39,78,19,58,46.64042131270115,57.637853125711125,37.61418679496765
1286974,1286974_20227_2_0,1,0.020008220431650212,0.0,45,90,0,42,0,24,71.2640642303433,12.467718715393135,8.068881506090808
1287648,1287648_20227_2_0,1,0.03623194025452318,0.0,0,45,0,37,0,35,19.128577544031312,15.894019080234834,15.701259784735813
1288237,1288237_20227_2_0,1,0.03851527039348392,0.0,0,44,0,40,0,38,14.32886523802675,13.846598590536459,17.181993384150726
1289883,1289883_20227_2_0,1,0.002140414278734674,0.0,23,38,32,47,39,56,30.085403726708076,39.27950310559006,48.09057971014493
1292113,1292113_20227_2_0,1,0.03146475462233099,0.0,0,43,0,35,0,30,15.30851026372311,13.913418541600647,12.93679800007042
1292820,1292820_20227_2_0,0,0.006990690527337366,0.3317885771543086,24,45,48,75,24,48,34.21632329635499,61.7080824088748,36.15562599049128
1293054,1293054_20227_2_0,0,0.06446170021127175,0.6367735470941884,19,70,49,100,16,68,43.59602990461459,76.4123743232792,42.38252126836814
1294266,1294266_20227_2_0,1,0.03958436965796579,0.0,0,40,0,46,0,48,13.329219143576827,16.933081444164568,19.90747271200672
1295975,1295975_20227_2_0,1,0.04235073324699295,0.0,0,48,0,41,0,31,18.595050618672666,17.022523347372275,12.371517513799148
1296197,1296197_20227_2_0,1,0.02564397997405357,0.0,0,29,0,42,0,31,10.611699140277358,17.98116386572774,13.215405884131853
1299297,1299297_20227_2_0,0,0.062052072335367026,0.49198396793587174,9,50,30,75,6,74,28.355418675236564,51.39326905909659,42.17803963577933
1299368,1299368_20227_2_0,1,0.0029613495688704883,0.0,21,39,32,47,38,55,29.778900112233444,39.442573887018334,47.00523756079312
1299874,1299874_20227_2_0,0,0.09744867492624323,0.4838426853707415,10,73,55,107,17,78,43.597430650295586,79.22336289222373,47.54542974079127
1303039,1303039_20227_2_0,0,0.08925261652351077,0.26978957915831664,13,80,61,108,17,81,45.02156103373799,83.35123259104789,47.29995531391972
1305165,1305165_20227_2_0,1,0.033624002774118714,0.0,0,36,0,38,0,33,13.330115321252059,15.131433278418452,14.50675453047776
1306431,1306431_20227_2_0,1,0.04508386058945591,0.0,0,40,0,47,0,39,14.229296702216542,16.480783407873396,16.3349142379712
1306638,1306638_20227_2_0,1,0.0021393064038492007,0.0,23,38,32,48,39,55,30.0378042465044,39.76074572760228,47.69963749352667
1307145,1307145_20227_2_0,1,0.02824748595491614,0.0,0,45,0,36,0,27,16.080401615876376,13.257991136212103,11.610503196454484
1310047,1310047_20227_2_0,1,0.04355831687215899,0.0,0,47,0,42,0,31,18.607040211613295,17.569677238853423,12.304448457410281
1310096,1310096_20227_2_0,0,0.024485142843848357,0.2006513026052104,25,59,23,67,27,65,43.187910049319036,43.65920094113388,44.520564680331205
1310666,1310666_20227_2_0,0,0.09646377415305735,0.500125250501002,12,71,53,108,15,80,43.63009497995888,78.83511157561071,47.77411537710604
1312177,1312177_20227_2_0,0,0.0942967708770713,0.2566382765531062,7,76,59,107,21,85,43.07627327733067,82.2492157669036,49.729460142160605
1314801,1314801_20227_2_0,1,0.06492811553805605,0.0,0,47,0,63,0,33,20.048715148619596,27.425775517865066,14.574446302426372
1319509,1319509_20227_2_0,1,0.0021791898997262442,0.0,23,38,32,48,40,55,30.27300457549568,39.541942043721406,47.88103711235384
1322163,1322163_20227_2_0,0,0.05409863853255324,0.4085671342685371,40,80,29,72,9,72,61.510597776002946,50.41819745653376,42.54231942823206
1327634,1327634_20227_2_0,1,0.04317056066224329,0.0,0,40,0,39,0,38,15.136243488079657,15.209151333179356,16.64380116508841
1328435,1328435_20227_2_0,1,0.031240963895465358,0.0,0,39,0,48,0,27,13.467853469981206,17.021029114507606,11.875385651973474
1330869,1330869_20227_2_0,1,0.0065807768197121965,0.0,0,22,6,40,0,19,7.4535353535353535,25.052525252525253,6.188215488215488
1332426,1332426_20227_2_0,1,0.050551223149267306,0.0,0,37,0,44,0,44,14.189199850971969,18.15078130136536,20.112647658287493
1333412,1333412_20227_2_0,0,0.09670418300320509,0.5346943887775552,17,77,53,108,16,78,45.42714920722207,78.85220190633306,47.54403812666117
1335847,1335847_20227_2_0,0,0.007105909515426604,0.3294088176352705,24,45,48,75,24,48,34.29934518241347,61.82709697536639,35.553009042719054
1338311,1338311_20227_2_0,1,0.04703261251300368,0.0,0,40,0,47,0,39,14.207452947965987,17.164346453725297,16.471038560290204
1340866,1340866_20227_2_0,0,0.05263624368372831,0.3529559118236473,41,80,28,71,9,74,61.943718296815476,49.577718844057166,43.97129085895898
1341895,1341895_20227_2_0,1,0.032326681283229325,0.0,0,44,0,36,0,31,15.41163165290106,13.764796600294732,13.602899345419651
1342711,1342711_20227_2_0,1,0.043952720331387536,0.0,0,39,0,44,0,40,13.823078668111814,15.662566480982028,17.742872986665994
1344060,1344060_20227_2_0,1,0.05225070322358356,0.0,0,35,0,45,0,54,12.336747026270594,16.43105824481055,22.35158916947607
1346701,1346701_20227_2_0,1,0.007075996893518821,0.0,0,22,3,40,0,19,7.290120557382182,24.08548614372945,6.29888836699546
1349176,1349176_20227_2_0,0,0.009165448927521717,0.13902805611222444,30,56,45,69,38,63,43.61851807083283,56.85398283573069,49.78871026229905
1349322,1349322_20227_2_0,1,0.0022955167627009545,0.0,23,39,32,48,40,55,30.466216216216218,39.64913127413127,48.04391891891892
1349335,1349335_20227_2_0,0,0.05558319087908764,0.42710420841683366,40,81,30,71,7,72,61.37493771302147,50.46421239361384,41.63317454306272
1350821,1350821_20227_2_0,1,0.002265604140793172,0.0,23,38,32,47,39,55,30.088997555012224,39.572616136919315,47.743765281173594
1350877,1350877_20227_2_0,1,0.04034880332894246,0.0,0,48,0,36,0,39,16.03036792970895,13.258292147171884,16.399945085118066
1351322,1351322_20227_2_0,1,0.002128227654994466,0.0,23,39,33,47,40,55,30.284747527329515,39.82925559604373,48.03175429463821
1353298,1353298_20227_2_0,0,0.007611100463202489,0.3573396793587174,44,65,46,74,25,49,54.95254730713246,59.79505094614265,36.96360989810771
1356201,1356201_20227_2_0,1,0.019740114709365642,0.0,0,35,0,42,0,26,11.42305533729936,18.36721293074419,8.81406442922887
1356312,1356312_20227_2_0,1,0.0022800065143043268,0.0,23,38,32,47,39,55,29.86977648202138,39.19436345966958,47.58697764820214
1358139,1358139_20227_2_0,0,0.09721269757563739,0.5185370741482966,15,72,52,108,16,80,45.32790864644945,78.21160837407547,48.436755672558604
1363764,1363764_20227_2_0,1,0.0050253204805074956,0.0,35,59,0,16,0,19,47.35229276895944,5.336640211640212,7.515652557319224
1364267,1364267_20227_2_0,1,0.042203385887224984,0.0,0,40,0,46,0,38,14.00028875938468,16.020869428256418,15.918307344988712
1364484,1364484_20227_2_0,1,0.032838519480318046,0.0,0,36,0,44,0,33,13.283458722715158,16.018960224014034,13.981377146520023
1365703,1365703_20227_2_0,0,0.07762325385069613,0.35521042084168336,0,47,18,106,19,66,23.55494183972026,61.875472775280095,41.67545850281881
1367821,1367821_20227_2_0,0,0.019489734985248645,0.22031563126252504,28,58,26,61,30,62,43.38017280582083,43.623351523419736,45.3831286948613
1368872,1368872_20227_2_0,1,0.0103630616787185,0.0,34,55,0,27,16,43,44.599743425272614,12.278276673081034,28.900898011545863
1369021,1369021_20227_2_0,1,0.043636975989027604,0.0,0,41,0,46,0,40,13.97433228394435,15.697318980400121,16.9129430283335
1369490,1369490_20227_2_0,0,0.09281000278076597,0.4492735470941884,0,60,45,108,28,90,24.760221073615604,79.04092010552326,61.71246105547133
1370228,1370228_20227_2_0,1,0.002114933156368785,0.0,23,39,33,47,39,55,30.421162912519645,39.88528025144055,47.92090099528549
1375309,1375309_20227_2_0,0,0.0017626289427882331,0.13902805611222444,40,55,46,61,32,46,47.04148334380893,52.90446260213702,39.38214959145192
1375907,1375907_20227_2_0,1,0.0011577292553197381,0.0,38,53,0,6,26,44,45.243062200956935,2.184688995215311,34.232535885167465
1376300,1376300_20227_2_0,1,0.03123764027080894,0.0,0,41,0,36,0,31,14.824549581500921,13.770960419917719,13.565434813448716
1378148,1378148_20227_2_0,1,0.031542305864314134,0.0,0,36,0,43,0,29,13.21769519862316,15.808717642513434,13.227213656000844
1380415,1380415_20227_2_0,1,0.002247878142625597,0.0,23,38,31,48,40,55,30.15524889107935,39.524889107934946,47.8570724494825
1383860,1383860_20227_2_0,1,0.037889321083191436,0.0,0,37,0,45,0,34,13.329005847953216,16.318859649122807,15.335438596491228
1385239,1385239_20227_2_0,1,0.0023309687590361045,0.0,22,39,32,47,39,55,29.979562737642585,39.333174904942965,47.47148288973384
1388352,1388352_20227_2_0,0,0.07437718043625897,0.39929859719438876,18,71,57,108,16,76,45.66428837417145,80.52434646607581,46.16021449318537
1389048,1389048_20227_2_0,1,0.0037080572416795824,0.0,40,61,0,10,2,29,49.927995219599644,3.6892739766955485,14.225575141918135
1389256,1389256_20227_2_0,0,0.10318303533345373,0.2526302605210421,0,60,58,108,0,90,24.454872444597147,83.62897268510565,48.48496821851916
1390392,1390392_20227_2_0,1,0.03222586466865124,0.0,0,44,0,36,0,31,15.945613311331133,14.302667766776677,13.163847634763476
1392342,1392342_20227_2_0,1,0.05052463415201595,0.0,0,35,0,47,0,58,11.267580309176626,17.136300844205678,25.83582940467054
1393689,1393689_20227_2_0,1,0.03299251408939886,0.0,0,42,0,39,0,31,14.340967092008059,15.26252518468771,13.212659503022163
1393998,1393998_20227_2_0,1,0.04437371278786744,0.0,0,43,0,36,0,43,14.878860509824483,13.918308241579906,18.817941227873067
1394955,1394955_20227_2_0,1,0.043804265096734095,0.0,0,37,0,43,0,40,13.761096638761728,16.519385922759806,17.92794456106629
1396499,1396499_20227_2_0,1,0.05256090819151612,0.0,0,36,0,49,0,57,11.319267331323905,16.750310899395064,26.07090613999958
1396963,1396963_20227_2_0,0,0.07667602082361635,0.6667084168336673,15,75,48,101,16,67,43.76590088137552,76.5689640225401,42.027351538794974
1399081,1399081_20227_2_0,1,0.0027552848401724297,0.0,22,40,32,47,38,55,30.35263369521512,39.452352231604344,47.23321270607157
1400807,1400807_20227_2_0,0,0.06555074122369213,0.4356212424849699,13,74,55,100,19,64,43.13142239048134,77.608403190914,41.0040562466198
1402932,1402932_20227_2_0,1,0.05217315198160041,0.0,0,36,0,46,0,42,14.221795171256876,19.672031936805894,19.33111078079545
1406066,1406066_20227_2_0,0,0.008192734778076043,0.030811623246492986,22,41,25,53,27,57,30.69425287356322,38.228803245436104,42.73752535496958
1406174,1406174_20227_2_0,0,0.06214402595086132,0.499624248496994,9,51,30,75,7,73,28.140088781131336,51.90045103667124,42.337314816465515
1407019,1407019_20227_2_0,0,0.007308650619468242,0.3264028056112224,24,45,48,75,23,49,34.26193724420191,61.23510686675762,35.78581173260573
1407933,1407933_20227_2_0,1,0.0005450744436529294,0.0,24,45,0,7,0,6,33.25813008130081,2.1686991869918697,1.863821138211382
1409931,1409931_20227_2_0,1,0.0032804175358868374,0.0,22,41,32,47,37,55,30.5467747382641,39.517055048969944,47.02465383316447
1412332,1412332_20227_2_0,0,0.0069242180342089605,0.343061122244489,25,46,48,75,24,48,34.58912,60.94704,36.15152
1416324,1416324_20227_2_0,1,0.025929811694505717,0.0,0,41,0,43,0,26,13.304593035676138,16.1684682760094,10.535013885921812
1418922,1418922_20227_2_0,1,0.002283330138960747,0.0,23,38,32,48,40,55,29.965065502183407,39.90150412421155,47.902959728287236
1421555,1421555_20227_2_0,0,0.061904724975599054,0.49862224448897796,9,50,29,75,6,74,28.462193746979974,51.558333482470424,42.211034951769065
1423410,1423410_20227_2_0,1,0.004483569661510986,0.0,27,61,0,17,0,14,43.70521373857178,6.783049172226341,4.496911292315295
1425736,1425736_20227_2_0,1,0.03538220021736505,0.0,0,45,0,37,0,34,19.393931803237624,15.838588471052384,15.59285468265648
1430239,1430239_20227_2_0,1,0.04097918413877684,0.0,0,47,0,35,0,38,16.578550379842657,13.074833058476845,16.926599799940522
1430841,1430841_20227_2_0,1,0.009675071374839497,0.0,47,73,18,49,4,27,58.86774304362762,33.4147486545288,15.69369059887782
1432953,1432953_20227_2_0,1,0.049110985798151846,0.0,0,35,0,44,0,43,13.906697647138442,18.830923323332357,19.056283696902703
1433191,1433191_20227_2_0,0,0.06376484690830896,0.5846693386773547,19,70,49,100,16,68,45.66173813329627,76.64738689276531,42.6767669747724
1433739,1433739_20227_2_0,0,0.06188367535277506,0.46893787575150303,9,50,28,74,10,74,27.96449926599592,50.562300834258295,43.34619929105947
1434658,1434658_20227_2_0,1,0.002148169402932988,0.0,23,39,32,47,40,55,30.088705518308405,39.86230015471893,47.95203713254255
1437369,1437369_20227_2_0,1,0.043375517516055874,0.0,0,46,0,37,0,41,15.006461994278709,14.314671025745811,17.711764405394362
1437771,1437771_20227_2_0,1,0.006530922449865892,0.0,35,63,0,16,0,21,49.64495335029686,5.262934690415606,8.45072094995759
1442338,1442338_20227_2_0,1,0.001900005428586939,0.0,84,90,40,59,22,52,88.14402332361516,49.19008746355685,38.667638483965014
1442575,1442575_20227_2_0,0,0.023981059770957946,0.5910571142284569,26,64,35,69,27,56,46.22516862237827,53.01201145708214,41.454033077704885
1443222,1443222_20227_2_0,1,0.0037202438654197903,0.0,30,60,0,21,0,11,45.41959499702204,7.604824300178678,3.6780821917808217
1445864,1445864_20227_2_0,0,0.006619552440703767,0.33642284569138275,25,45,48,74,25,48,34.52435146443515,60.52970711297071,36.27531380753138
1447951,1447951_20227_2_0,1,0.0405471129334422,0.0,0,45,0,35,0,39,16.185660810404656,13.340036613022214,16.460859586327494
1448945,1448945_20227_2_0,1,0.037716492601057576,0.0,0,46,0,36,0,35,16.84948889672189,12.928592409822583,15.340970508753378
1449090,1449090_20227_2_0,0,0.011516359434496344,0.2308366733466934,29,57,44,71,34,62,43.1012987012987,56.65040885040885,48.686483886483884
1450087,1450087_20227_2_0,0,0.06044897737608696,0.4423847695390782,9,51,27,73,11,74,28.432234297967486,49.83549291644521,44.410827850374794
1450297,1450297_20227_2_0,1,0.038613871258291056,0.0,0,45,0,35,0,37,16.192546049233947,13.267343776897917,16.027859069260344
1450939,1450939_20227_2_0,1,0.002922573947878918,0.0,22,40,32,47,39,56,30.101213040181957,39.48218347232752,47.91774071266111
1450950,1450950_20227_2_0,1,0.0021958080230083457,0.0,23,39,33,47,40,55,30.469223007063572,39.88092835519677,47.72502522704339
1451450,1451450_20227_2_0,1,0.03282633285657784,0.0,0,39,0,35,0,32,15.1974350320621,14.410462369220385,13.782956463044211
1452417,1452417_20227_2_0,1,0.04027457571161574,0.0,0,44,0,36,0,38,15.530877781751162,13.529474871399884,17.19005309052898
1453760,1453760_20227_2_0,1,0.0010137055202081918,0.0,43,55,0,6,20,35,48.60546448087432,2.2775956284153005,27.602185792349726
1453908,1453908_20227_2_0,0,0.004068116579458448,0.000375751503006012,35,53,21,48,25,41,43.56889978213508,34.87881263616558,32.50898692810458
1453979,1453979_20227_2_0,1,0.02811232521888838,0.0,0,42,0,35,0,27,15.576669950738916,13.712118226600985,11.891625615763546
1456374,1456374_20227_2_0,1,0.03225023791613166,0.0,0,43,0,38,0,30,15.649330127104088,15.215939539677088,12.126760563380282
1460663,1460663_20227_2_0,0,0.003935171593201637,0.1995240480961924,26,42,49,71,26,47,33.826013513513516,59.43693693693694,36.884009009009006
1460754,1460754_20227_2_0,0,0.06081236033852225,0.468311623246493,9,50,29,75,9,73,28.037911497331073,50.997649887959774,43.28073819023155
1462220,1462220_20227_2_0,1,0.0031053733039820347,0.0,23,40,31,49,38,55,30.432037103103816,40.32286835533357,47.28255440599358
1464662,1464662_20227_2_0,1,0.0024373247480415543,0.0,23,38,32,47,38,55,29.99772727272727,39.47545454545455,47.12772727272727
1468413,1468413_20227_2_0,0,0.05933888674084258,0.5043837675350702,9,50,30,73,8,74,27.89434476578107,51.26411008009559,42.5989432609548
1470721,1470721_20227_2_0,1,0.017168737100181804,0.0,0,26,0,39,0,30,9.97141382203007,17.91282183648448,11.338968832677292
1472734,1472734_20227_2_0,0,0.10074571058541217,0.502254509018036,11,73,54,108,16,80,44.06911454209554,78.70860825195741,48.292128529955136
1474087,1474087_20227_2_0,1,0.038501975894858244,0.0,0,37,0,53,0,53,12.137196788766438,18.05234080511035,20.620291773372085
1474254,1474254_20227_2_0,1,0.018027340136423712,0.0,0,30,0,33,0,27,12.053896263520157,15.908616027531957,11.626229105211406
1475738,1475738_20227_2_0,1,0.009975305468802797,0.0,44,85,0,33,0,18,65.00310972900932,10.26221679253665,5.8416259440248774
1481132,1481132_20227_2_0,1,0.050502476654306475,0.0,0,49,0,44,0,36,21.35463419984644,19.66804870023034,15.868158385433805
1482439,1482439_20227_2_0,0,0.07048743171336175,0.0077655310621242485,0,50,0,63,0,33,21.581462969948447,27.212545580284168,14.85236703130894
1484056,1484056_20227_2_0,0,0.010139270951852866,0.15794088176352705,31,54,57,85,36,56,43.00120192307692,70.61931818181819,46.19329108391609
1487892,1487892_20227_2_0,1,0.0025170917397956414,0.0,23,39,31,47,38,55,30.356073943661972,39.40492957746479,47.27596830985915
1488775,1488775_20227_2_0,1,0.03672937607810075,0.0,0,37,0,46,0,47,12.439809368684584,16.686634693692877,19.618646879618737
1489027,1489027_20227_2_0,1,0.01320919225949975,0.0,0,16,0,41,0,28,6.4549190639939615,18.249266124297577,11.384970225614358
1489476,1489476_20227_2_0,1,0.031373908881722166,0.0,0,45,0,33,0,31,16.906423249408526,13.711359864401992,12.289063879374272
1489723,1489723_20227_2_0,1,0.00217143477552793,0.0,23,38,31,48,39,55,29.962755102040816,39.45102040816327,47.81428571428572
1492192,1492192_20227_2_0,1,0.03598156053040618,0.0,0,38,0,35,0,37,16.421392942915205,15.703799495042798,16.43663402918899
1492632,1492632_20227_2_0,1,0.04168268469105247,0.0,0,36,0,44,0,41,12.74880395492239,16.21488943227727,17.45726132256007
1495790,1495790_20227_2_0,1,0.0027198328438372797,0.0,45,59,0,13,0,17,52.19144602851324,5.180855397148676,7.4887983706720975
1495842,1495842_20227_2_0,1,0.040919358894961275,0.0,0,40,0,44,0,36,14.235765534046298,15.63216461351022,16.25975362122648
1496738,1496738_20227_2_0,1,0.03231338678460364,0.0,0,44,0,36,0,30,15.518154078239105,13.954229094524633,13.397504028525388
1497319,1497319_20227_2_0,0,0.059654631083202514,0.4356212424849699,8,51,27,72,13,73,28.41250975002786,49.226553504438584,44.95953274152212
1499786,1499786_20227_2_0,1,0.005183746589130196,0.0,33,58,0,15,0,18,45.952126522761276,5.284462491985467,7.372942936524899
1500096,1500096_20227_2_0,1,0.030353556112201138,0.0,0,38,0,44,0,29,13.48492590700051,15.342871742462954,12.7020585444193
1500474,1500474_20227_2_0,1,0.0385496145149336,0.0,0,37,0,45,0,36,13.380560984021152,15.887257155994941,15.915507529601104
1501122,1501122_20227_2_0,0,0.002993477940549218,0.0035070140280561123,22,41,34,50,36,56,30.68763878608438,41.74648408586233,46.38712065136936
1501259,1501259_20227_2_0,0,0.06385680052380324,0.000501002004008016,0,47,0,62,0,34,19.62632939502767,27.20520827911657,14.946945644442131
1502143,1502143_20227_2_0,0,0.07553269394180777,0.6519288577154309,14,76,48,100,17,67,44.549561442107425,76.2971633078119,42.10377247792543
1503716,1503716_20227_2_0,1,0.03229676866132154,0.0,0,42,0,37,0,30,15.21902442371021,14.08877607025247,13.616458562019758
1508845,1508845_20227_2_0,1,0.017536551562158983,0.0,33,65,0,27,19,46,48.68058626571483,13.058310695558784,32.34518920967844
1510006,1510006_20227_2_0,1,0.0026910280968149704,0.0,22,40,33,48,39,56,30.138328530259365,40.582544256895844,48.08316179497736
1513241,1513241_20227_2_0,1,0.05059996964422814,0.0,0,40,0,43,0,52,15.215028572679701,18.42909377531583,23.679329144133295
1513608,1513608_20227_2_0,0,0.0616067066314067,0.4936122244488978,8,51,29,74,7,73,28.1348007480938,51.3497878003165,42.07813623939001
1519271,1519271_20227_2_0,1,0.0023542341316310465,0.0,23,39,33,49,40,55,30.665882352941175,40.542117647058824,47.94211764705882
1519599,1519599_20227_2_0,1,0.002184729274153611,0.0,23,38,32,47,39,55,29.93610547667343,39.25659229208925,47.73732251521298
1520072,1520072_20227_2_0,1,0.040926006144274114,0.0,0,49,0,41,0,30,18.492623372404644,16.645055629246638,12.17111069001922
1523032,1523032_20227_2_0,0,0.7589663084168579,1.0,0,90,0,108,0,90,44.56245319787173,53.40286688124485,39.354726923722566
1524342,1524342_20227_2_0,1,0.0023719601297986217,0.0,23,40,34,49,37,56,30.502568893040635,41.261092947220924,47.211116300794025
1525227,1525227_20227_2_0,1,0.04021142684314375,0.0,0,37,0,45,0,39,13.303036147233856,15.503609213136434,16.598853868194844
1526070,1526070_20227_2_0,1,0.0008597109111273846,0.0,84,90,43,56,33,49,87.80025773195877,48.904639175257735,41.65592783505155
1526733,1526733_20227_2_0,1,0.002271143515220539,0.0,23,39,32,48,40,55,30.386829268292683,39.75219512195122,47.961951219512194
1527801,1527801_20227_2_0,1,0.009358219157594095,0.0,46,73,73,97,28,59,58.89297975612644,85.06037646501717,42.39457795667101
1527867,1527867_20227_2_0,1,0.010170291448646122,0.0,34,56,0,26,16,44,45.03235294117647,12.20359477124183,28.993028322440086
1529080,1529080_20227_2_0,1,0.01567975325410551,0.0,0,22,0,41,0,25,8.576838832756305,17.7442944958666,9.764714194870345
1530044,1530044_20227_2_0,1,0.02020763791103543,0.0,0,26,0,40,0,32,10.463322368421053,17.50816885964912,12.627960526315789
1532206,1532206_20227_2_0,1,0.005572610673931371,0.0,44,68,11,36,28,47,56.260039761431415,22.69681908548708,37.483697813121275
1532639,1532639_20227_2_0,0,0.05882150916932649,0.4411322645290581,9,51,29,74,8,73,27.94240403812107,51.027027536068104,43.50446378121822
1535216,1535216_20227_2_0,1,0.002126011905223519,0.0,23,38,32,47,40,55,30.040125065138092,39.55184992183429,47.78947368421053
1538715,1538715_20227_2_0,1,0.031184462276306214,0.0,0,38,0,34,0,35,16.38581782009379,14.88251385533608,15.448699729998578
1539856,1539856_20227_2_0,1,0.016708969022710327,0.0,14,69,0,11,36,90,40.26342660124652,3.9306458029439066,67.84849489457632
1542530,1542530_20227_2_0,1,0.04457091451748171,0.0,0,38,0,36,0,43,16.527727374412766,15.620267952573887,19.98399244363799
1545571,1545571_20227_2_0,1,0.051727786277640096,0.0,0,35,0,46,0,54,11.990876185988734,16.811034246428648,22.695080422351204
1547963,1547963_20227_2_0,0,0.06304251248298028,0.4852204408817635,9,50,29,75,7,74,27.79739561366512,51.128092928440886,42.54918810628427
1550542,1550542_20227_2_0,1,0.03102271254302709,0.0,0,43,0,35,0,30,15.81669166488108,14.222269837868724,12.69670023569745
1552149,1552149_20227_2_0,0,0.06643482538229993,0.5985721442885772,18,73,47,99,18,66,46.48409098489144,75.87039322282627,42.72442717539939
1555010,1555010_20227_2_0,1,0.04869774846587025,0.0,0,42,0,45,0,40,14.812744562744562,16.298116298116298,17.276481026481026
1556738,1556738_20227_2_0,1,0.039679646898116504,0.0,0,47,0,38,0,35,19.866568014295286,16.656717668081303,16.00067009157918
1556836,1556836_20227_2_0,1,0.0405803491800064,0.0,0,47,0,34,0,39,17.27931420459199,12.509978432389637,16.383357449015808
1557125,1557125_20227_2_0,0,0.10215935893927627,0.3897795591182365,42,90,38,103,10,66,65.96783498893853,70.36355355051403,36.891098772394045
1558687,1558687_20227_2_0,1,0.04035988207779719,0.0,0,45,0,36,0,38,16.272055997804006,13.185177051880318,16.62544606093879
1561442,1561442_20227_2_0,0,0.09141740404972586,0.4338677354709419,16,75,55,107,18,80,44.60498569974308,78.92523874157739,48.46569150225411
1562353,1562353_20227_2_0,1,0.040651253172676705,0.0,0,37,0,44,0,37,13.478728912871665,16.04935546289483,16.551249557136238
1564252,1564252_20227_2_0,0,0.04125947648480162,0.218812625250501,0,36,44,92,13,46,18.23057300896837,67.0203802158853,29.428226196230064
1564498,1564498_20227_2_0,1,0.022405661683814724,0.0,0,35,0,37,0,31,12.93057753164557,16.828223892405063,11.752274525316455
1566596,1566596_20227_2_0,1,0.041087755877553235,0.0,0,40,0,44,0,35,14.190255345538867,16.02564240839108,15.894005985924988
1566923,1566923_20227_2_0,1,0.039922271498035185,0.0,45,90,0,45,0,36,73.6634383238518,15.197030664631608,13.751269599000972
1568371,1568371_20227_2_0,1,0.0021703269006424566,0.0,23,38,32,47,39,55,29.803471158754466,39.53496681980602,47.75957120980092
1574086,1574086_20227_2_0,1,0.018792881682285857,0.0,18,54,2,26,16,56,35.686670989801335,13.60189824913046,34.57183281259211
1574458,1574458_20227_2_0,1,0.005132784344398418,0.0,33,58,0,15,0,18,45.77811353334772,5.287934383768617,7.300669112885819
1574751,1574751_20227_2_0,1,0.002713185594524439,0.0,22,39,32,47,39,55,30.08329930583912,39.47366271947734,47.631278072682726
1577102,1577102_20227_2_0,0,0.04794550141863379,0.3648547094188377,9,50,27,70,20,68,28.67104928715022,48.43898606650184,45.390484552995815
1577291,1577291_20227_2_0,1,0.005606954795381048,0.0,36,62,0,14,0,19,49.40901007705987,5.340446552064809,7.743924125666864
1578068,1578068_20227_2_0,0,0.09337058747281551,0.500751503006012,12,73,54,107,16,78,43.6430427508632,78.79873989961912,47.37975059030126
1582027,1582027_20227_2_0,1,0.0313894191301188,0.0,0,42,0,38,0,31,17.047012317791975,18.334168637278086,13.490876363251333
1583624,1583624_20227_2_0,0,0.027829817123092654,0.026803607214428857,22,66,71,106,18,56,43.24398885350318,88.0328423566879,37.91835191082802
1586229,1586229_20227_2_0,1,0.04816707639572848,0.0,0,38,0,44,0,55,12.646088736573361,14.507670722450952,22.05363755548911
1587734,1587734_20227_2_0,0,0.06216064407414342,0.48171342685370744,8,51,29,74,8,73,27.900744991801524,51.61837884080702,42.5887573964497
1589767,1589767_20227_2_0,0,0.010655540648483485,0.07277054108216433,24,53,32,52,25,59,39.85839051777916,41.55864004990642,41.18444583073404
1591170,1591170_20227_2_0,1,0.002359773506058414,0.0,22,38,32,47,38,55,29.739906103286383,39.223474178403755,47.34366197183098
1591824,1591824_20227_2_0,1,0.02894766288253535,0.0,0,46,0,34,0,28,16.716904588771097,13.404148647097095,11.556508094454438
1592257,1592257_20227_2_0,1,0.044855638363048386,0.0,0,38,0,44,0,39,13.997110254890337,16.380853586247778,16.79873048804584
1592578,1592578_20227_2_0,0,0.06067941535226544,0.47607715430861725,8,51,29,73,9,75,28.05652626389878,50.757882821201,43.663453287323584
1594413,1594413_20227_2_0,1,0.040707754791835846,0.0,0,40,0,36,0,39,17.084421946440234,16.00696712388417,17.141710211190944
1594657,1594657_20227_2_0,0,0.060969678572259475,0.49273547094188375,9,50,29,74,5,74,28.16206639652572,51.171333563498266,42.065815056420696
1594851,1594851_20227_2_0,1,0.04967600198974329,0.0,0,37,0,43,0,49,13.095474921385401,15.949708958718972,20.278819777425902
1597108,1597108_20227_2_0,0,0.017598592555745494,0.12900801603206413,25,63,26,54,26,58,44.81995593327038,39.17016052880076,42.101290525653134
1598381,1598381_20227_2_0,0,0.06571470670674219,0.43649799599198397,41,80,26,75,10,75,61.53968575089352,49.899285184435904,44.38770314923461
1599769,1599769_20227_2_0,1,0.0320231235646096,0.0,0,35,0,44,0,30,12.943954333160352,16.678290953122296,13.247500432451133
1600470,1600470_20227_2_0,1,0.0020628630367515335,0.0,36,50,6,21,18,34,43.263694951664874,13.092373791621911,25.095596133190117
1601385,1601385_20227_2_0,1,0.0381618583050179,0.0,0,43,0,42,0,34,16.412965220925507,15.103059861812692,15.244266387969576
1602684,1602684_20227_2_0,1,0.003261583662833789,0.0,35,55,0,7,32,59,45.22860054347826,2.6504755434782608,45.61141304347826
1604519,1604519_20227_2_0,1,0.07055833570603205,0.0,0,50,0,63,0,34,21.841257379726166,26.837080768747644,14.566417535485492
1604946,1604946_20227_2_0,1,0.0022744671398769595,0.0,23,39,33,47,40,55,30.09059912323429,40.035070628348755,48.02581587920117
1606223,1606223_20227_2_0,1,0.0025447886119324774,0.0,23,39,32,48,39,56,30.192860252503266,39.76665215498476,47.89420983892033
1606231,1606231_20227_2_0,1,0.03806879681463813,0.0,0,42,0,34,0,34,16.14393807112508,13.759239857982655,15.48492520807869
1608438,1608438_20227_2_0,1,0.03495566838645778,0.0,0,46,0,36,0,33,19.53343686612576,14.695074797160244,14.989255831643002
1609179,1609179_20227_2_0,1,0.004940014114326041,0.0,79,90,33,62,47,76,85.98519847499439,49.041937654182554,62.35658219331689
1611962,1611962_20227_2_0,0,0.06156793101041513,0.43023547094188375,9,51,27,72,11,74,28.66453133716013,49.02027963219549,45.17459917585878
1612597,1612597_20227_2_0,0,0.09464021209156807,0.3479458917835671,12,76,59,108,17,79,44.42406789581504,82.34355282411472,47.51014340064384
1613915,1613915_20227_2_0,0,0.007283169497102353,0.002129258517034068,22,39,22,52,29,59,30.83678125950715,36.52738059020383,43.74414359598418
1614096,1614096_20227_2_0,1,0.03515951736538489,0.0,0,39,0,37,0,38,16.484906730526845,15.154209730274767,17.640408369044618
1614705,1614705_20227_2_0,0,0.06233790405581917,0.6943887775551102,21,69,47,100,17,68,43.894504869552854,75.49385085661477,42.07158598137485
1615317,1615317_20227_2_0,1,0.03932734268453595,0.0,0,34,0,47,0,48,11.48340751591639,16.458194827877627,19.91047382951152
1617404,1617404_20227_2_0,0,0.08264746645631815,0.39529058116232463,41,90,18,106,16,68,65.72222520107239,62.11383378016086,40.275402144772116
1617724,1617724_20227_2_0,1,0.040023088112613264,0.0,0,40,0,55,0,53,13.246498366827216,19.836738083374854,20.738249460222555
1619272,1619272_20227_2_0,0,0.05282901391380069,0.3697394789579158,40,80,28,71,10,72,61.52821642025794,49.55929537590437,43.176197965817344
1621879,1621879_20227_2_0,1,0.0026588997251362407,0.0,22,41,34,49,40,55,30.733333333333334,41.325833333333335,47.885
1622224,1622224_20227_2_0,1,0.0023819310037678826,0.0,22,40,34,48,40,55,30.636279069767443,41.21767441860465,48.130697674418606
1622479,1622479_20227_2_0,1,0.048327718254122125,0.0,0,48,0,37,0,45,16.861675301453396,12.970955022694971,19.360689560313602
1622667,1622667_20227_2_0,1,0.0026145847297173036,0.0,22,39,32,47,39,55,29.964406779661015,39.4271186440678,47.45466101694915
1622776,1622776_20227_2_0,0,0.062265892188263394,0.4963677354709419,8,50,30,74,7,73,27.883013362276035,51.46823123320819,42.347881785669806
1626433,1626433_20227_2_0,0,0.004979897610203085,0.24123246492985972,45,65,53,73,24,47,55.62869855394883,62.89388209121246,35.887430478309234
1627620,1627620_20227_2_0,0,0.04743255534665959,0.35708917835671344,40,81,27,69,18,68,61.13967393843136,48.3284673237726,44.38763021441584
1628339,1628339_20227_2_0,1,0.03867258862722115,0.0,0,39,0,46,0,49,13.30701578479961,16.911593663162115,20.128799381212936
1628607,1628607_20227_2_0,1,0.033118811826342825,0.0,0,45,0,35,0,30,16.299424633705762,14.016391249080083,12.822104770187998
1629352,1629352_20227_2_0,1,0.0392586544416366,0.0,0,46,0,40,0,34,19.981008014448584,16.95676712947285,15.170673890958348
1630924,1630924_20227_2_0,0,0.07061151370053477,0.6395290581162325,15,73,48,99,18,68,43.58593259696247,75.40117045311912,42.82207857411824
1631037,1631037_20227_2_0,0,0.1156532750443427,0.43499498997995995,10,78,54,108,18,86,44.057312820905814,79.84675070886658,49.34636753774235
1631898,1631898_20227_2_0,1,0.008141772533344265,0.0,36,58,1,27,16,40,46.7515308205198,12.958905973601851,26.902979997278543
1632141,1632141_20227_2_0,1,0.01940775224372361,0.0,16,56,1,26,16,55,34.58345701564105,13.716577234844161,34.53796095444685
1632635,1632635_20227_2_0,1,0.037872702959909334,0.0,0,48,0,37,0,35,20.3553312856516,16.17773877431622,16.40713763346497
1634772,1634772_20227_2_0,1,0.0024074121261337717,0.0,36,55,0,6,27,51,45.55177174413254,2.180395766221813,39.15922687528762
1636819,1636819_20227_2_0,1,0.02886346439123937,0.0,0,42,0,37,0,30,15.226768510344298,14.07991402141788,12.527309714812114
1637020,1637020_20227_2_0,1,0.03133291751095965,0.0,0,43,0,36,0,32,15.039742592461636,13.565766211724773,13.803019588430804
1637270,1637270_20227_2_0,0,0.004178904068005792,0.0017535070140280561,33,53,24,48,25,41,43.085100742311774,36.058589607635206,32.369565217391305
1638302,1638302_20227_2_0,0,0.005663456414540193,0.012274549098196393,21,40,30,54,26,60,30.397496087636934,41.507433489827854,44.3595461658842
1638912,1638912_20227_2_0,0,0.10037568037366404,0.013652304609218437,6,60,0,48,0,68,33.662038365598995,23.908070462020707,29.932893313613388
1640315,1640315_20227_2_0,1,0.018560227956336436,0.0,0,27,0,39,0,31,10.315585268310153,17.20820151614636,11.872619829284307
1640382,1640382_20227_2_0,0,0.006503225577729056,0.0011272545090180361,23,39,22,51,29,58,30.710051107325384,35.969165247018736,43.65076660988075
1640824,1640824_20227_2_0,0,0.04543394905326552,0.405811623246493,9,51,27,70,19,64,28.94706169227018,48.74862228724701,43.3291636186296
1641182,1641182_20227_2_0,1,0.03395636523976074,0.0,0,38,0,44,0,30,13.92694942903752,16.105970636215336,13.430081566068516
1641388,1641388_20227_2_0,1,0.04653074518988422,0.0,0,43,0,45,0,39,15.140880952380952,15.838238095238095,16.431595238095237
1641645,1641645_20227_2_0,1,0.044394762410691437,0.0,0,36,0,46,0,50,13.291475344380116,16.810441205829505,21.63343481732881
1642199,1642199_20227_2_0,1,0.025994068437863175,0.0,0,29,0,43,0,40,10.18215914418446,17.678003665345436,15.882240122746452
1642972,1642972_20227_2_0,0,0.09957801045612318,0.5123997995991983,12,72,53,108,15,81,44.31286575732627,78.68113749137758,48.442647026100886
1643186,1643186_20227_2_0,1,0.04006075585871936,0.0,0,42,0,37,0,36,15.541012168141593,13.846432522123894,16.699695796460176
1643703,1643703_20227_2_0,1,0.024779837563384293,0.0,0,30,0,45,0,35,10.572048106585594,18.327893772074933,13.955693655832253
1645191,1645191_20227_2_0,1,0.04587599113256942,0.0,0,36,0,44,0,40,13.617402014054916,17.463329227945614,19.68048008886957
1645346,1645346_20227_2_0,0,0.08359691523316888,0.4590430861723447,16,70,55,108,16,78,44.2093642736923,79.75236227255257,47.16146944617464
1645397,1645397_20227_2_0,1,0.029041832247800593,0.0,0,39,0,32,0,33,17.86701762417029,13.845120927748532,14.990234225986114
1646300,1646300_20227_2_0,0,0.016943838498430695,0.12149298597194388,24,64,27,54,26,58,44.81417549365764,39.582319863998954,41.4498496142278
1647735,1647735_20227_2_0,0,0.08374204684316591,0.2598947895791583,14,76,61,108,18,82,44.487974281632006,83.20984812404085,48.199780388421445
1648027,1648027_20227_2_0,1,0.03436184744784402,0.0,50,90,0,33,0,36,73.58895408821253,14.535078669074027,15.704571833892185
1650272,1650272_20227_2_0,1,0.02801594010385219,0.0,0,39,0,33,0,26,15.423639670990193,13.738650743435622,12.07129863967099
1651196,1651196_20227_2_0,0,0.023499134195777004,0.1722194388777555,25,60,23,65,28,64,43.47456508415445,42.989722313893736,45.08905756447127
1652827,1652827_20227_2_0,0,0.0608854800809635,0.49799599198396793,8,50,29,74,7,74,28.211365249194824,51.53305311425296,42.18678239350765
1654599,1654599_20227_2_0,1,0.0022822222640752734,0.0,23,39,32,48,39,55,30.422815533980582,39.76019417475728,47.74029126213592
1654714,1654714_20227_2_0,1,0.0022966246375864282,0.0,23,40,33,48,40,55,30.404245055475158,40.232030873130725,47.906415822479495
1655367,1655367_20227_2_0,1,0.06878130438973266,0.0,4,57,7,60,38,90,31.305279943302622,33.346449971007026,64.81346240577282
1656363,1656363_20227_2_0,0,0.005529403553397908,0.008016032064128256,20,40,30,52,28,59,29.954317771989583,40.82348226808255,44.50150270486876
1656859,1656859_20227_2_0,0,0.0057631651542328025,0.2558867735470942,24,43,48,74,28,50,32.960399846212994,60.65359477124183,38.72222222222222
1656955,1656955_20227_2_0,1,0.04161288857326764,0.0,0,41,0,46,0,39,13.875429301669284,15.399350390032215,16.571630148292112
1658720,1658720_20227_2_0,1,0.05293980140234803,0.0,0,45,0,38,0,44,16.497603850580727,14.779826305325939,19.115391859370096
1659036,1659036_20227_2_0,1,0.036644069711919296,0.0,0,34,0,46,0,49,12.042417462812915,17.1116217196759,20.090216471157333
1660846,1660846_20227_2_0,0,0.06846666792225821,0.5771543086172345,16,75,49,99,17,65,45.889223300970876,76.25566343042071,42.05839805825243
1661441,1661441_20227_2_0,0,0.0044381467912065755,0.0035070140280561123,34,53,24,49,24,42,43.618821767348976,36.015726410384424,32.70044932601098
1662277,1662277_20227_2_0,1,0.0019808802952264995,0.0,23,39,33,47,39,55,30.303691275167786,39.767897091722595,47.961409395973156
1664612,1664612_20227_2_0,1,0.0020263031655309103,0.0,23,38,32,47,39,55,30.119190814652814,39.63805358119191,47.74357572443959
1665864,1665864_20227_2_0,1,0.002447295622010815,0.0,22,39,32,48,39,55,30.085559076505206,39.787234042553195,47.707107288365776
1668695,1668695_20227_2_0,1,0.029662242183665713,0.0,0,40,0,36,0,32,14.467655187868829,13.386083513856727,13.84944348995294
1669137,1669137_20227_2_0,1,0.002046244913469432,0.0,23,39,33,47,40,56,30.371954520844614,40.17217108825122,48.11640498105035
1669486,1669486_20227_2_0,0,0.020409271140191598,0.21705911823647295,8,38,41,72,8,49,23.00700249701444,57.36532406904788,30.425849527738574
1670567,1670567_20227_2_0,1,0.040221397717113014,0.0,0,39,0,45,0,35,13.81024652251756,16.278281228480925,15.684809254923564
1670695,1670695_20227_2_0,0,0.08877290669810077,0.23208917835671342,12,78,61,108,20,80,44.897090940857865,83.84720887568795,48.23326136604725
1671380,1671380_20227_2_0,1,0.040426354570925596,0.0,0,43,0,35,0,38,15.585393258426967,13.370567278706496,17.42049876678542
1671946,1671946_20227_2_0,1,0.0027497454657450624,0.0,22,40,31,47,39,55,30.14262691377921,39.43593875906527,47.27437550362611
1672213,1672213_20227_2_0,1,0.041093295251980605,0.0,0,39,0,45,0,37,13.745497681440742,16.171168985225925,16.325461015852476
1674304,1674304_20227_2_0,0,0.02974422492519075,0.27918336673346694,16,46,25,71,26,63,31.257300357568536,46.76549463647199,44.245791120381405
1676405,1676405_20227_2_0,1,0.03820395755066589,0.0,0,33,0,45,0,42,12.043991416309012,15.494548196264935,18.090650736573483
1677605,1677605_20227_2_0,1,0.001713882447827402,0.0,36,55,0,8,25,43,45.00775694893342,2.8972204266321913,33.16160310277957
1679202,1679202_20227_2_0,0,0.06312560309939078,0.5070140280561122,8,50,30,74,6,73,28.146983976552765,51.48133522876849,41.83334210849611
1679517,1679517_20227_2_0,0,0.003917445595034061,0.000250501002004008,21,42,31,48,37,55,30.634049773755656,39.626131221719454,46.45757918552036
1680181,1680181_20227_2_0,1,0.0025403571123905834,0.0,22,39,32,47,39,56,29.875708678587003,39.365896205843875,47.72437854339294
1682531,1682531_20227_2_0,1,0.0010358630179176606,0.0,38,54,0,5,26,45,45.81818181818182,1.786096256684492,35.47379679144385
1684713,1684713_20227_2_0,1,0.037131534661527604,0.0,0,38,0,37,0,36,14.155119942713927,14.470551378446116,15.837391096789593
1684824,1684824_20227_2_0,0,0.09659339551465775,0.4966182364729459,15,72,53,108,16,80,44.54357250997844,78.68315593889068,48.15123640868009
1686017,1686017_20227_2_0,1,0.0035263657604619396,0.0,21,40,31,49,38,55,29.992145774426643,39.78510838831291,47.198868991517436
1686036,1686036_20227_2_0,0,0.013120562268661876,0.28031062124248496,31,57,42,70,34,65,43.70446677362155,55.69315207295449,48.71358608460694
1686267,1686267_20227_2_0,1,0.030698105201583375,0.0,0,43,0,40,0,29,15.215489552131077,15.076870330939405,12.058933920386878
1686562,1686562_20227_2_0,0,0.006516520076354737,0.3282815631262525,25,45,48,75,25,47,34.62801768106086,60.86841210472628,35.96004760285617
1687513,1687513_20227_2_0,1,0.003216160792529378,0.0,26,55,0,21,0,11,40.41508784016535,7.957285566655185,3.4715811229762314
1688054,1688054_20227_2_0,0,0.008220431650212879,0.1530561122244489,32,53,57,78,34,60,43.17129380053908,67.65646900269542,46.696361185983825
1690782,1690782_20227_2_0,1,0.0396840783976584,0.0,0,39,0,44,0,36,13.904438860971524,15.817252931323283,15.762004466778336
1694470,1694470_20227_2_0,1,0.0035008846380960505,0.0,35,56,0,8,40,68,45.82911392405063,2.6645569620253164,54.34936708860759
1700102,1700102_20227_2_0,1,0.04521458982594178,0.0,0,40,0,45,0,39,14.258379888268156,16.24127707536999,16.715671861217288
1702167,1702167_20227_2_0,0,0.05727048432966368,0.4343687374749499,9,50,27,72,13,72,28.55329438619569,49.386292413046,44.99487367973072
1702214,1702214_20227_2_0,0,0.0633959245714463,0.49937374749499,8,50,29,75,7,74,27.82417908882792,51.59100361742656,42.504115478042046
1703541,1703541_20227_2_0,1,0.04081521865572677,0.0,0,36,0,45,0,50,12.681523302841942,16.803914117423524,20.80109117559241
1704334,1704334_20227_2_0,1,0.006556403572231781,0.0,30,60,0,14,0,21,45.13974315647178,5.117607299763433,8.24839472794863
1705229,1705229_20227_2_0,0,0.004777156506161446,0.0035070140280561123,21,39,29,52,29,60,30.086270871985157,41.007884972170686,45.20060296846011
1706372,1706372_20227_2_0,0,0.02234916006465558,0.14616733466933868,25,61,25,64,27,65,43.567838199573686,43.219749169682245,44.83046646507708
1706831,1706831_20227_2_0,0,0.08670782791157829,0.282314629258517,0,46,9,88,15,77,24.06430716156647,50.4908707595988,46.723810132243024
1707321,1707321_20227_2_0,1,0.04600007311974244,0.0,0,41,0,45,0,39,14.559620433033887,16.216589195828618,16.649237735121986
1707596,1707596_20227_2_0,1,0.031030467667225406,0.0,0,35,0,45,0,29,13.045271162840516,16.238530472348174,12.765611053589918
1708051,1708051_20227_2_0,1,0.04211143227173069,0.0,0,43,0,43,0,38,17.9330720054721,20.329825576806712,16.767014811501934
1708403,1708403_20227_2_0,1,0.06430216622776357,0.0,0,31,0,68,0,48,10.982098861149877,25.50307541220861,20.288744163608484
1711198,1711198_20227_2_0,1,0.013928203060172008,0.0,0,20,0,40,0,25,7.643811644925231,18.69988864142539,9.436366528794146
1711752,1711752_20227_2_0,1,0.003801118732059351,0.0,36,57,0,14,0,16,47.05654328184203,5.027980180705334,6.471874089186826
1712706,1712706_20227_2_0,1,0.0028605329542924058,0.0,22,39,31,47,39,55,29.894655305964367,39.429512006196745,47.29279628195197
1713450,1713450_20227_2_0,1,0.03148801999492593,0.0,0,40,0,39,0,31,13.799556681443953,15.087397086763774,13.178207022728872
1715503,1715503_20227_2_0,1,0.002457266495980076,0.0,23,39,32,48,39,55,30.476104598737603,39.935076645626694,47.629395852119025
1715989,1715989_20227_2_0,1,0.03803334481830298,0.0,0,46,0,35,0,35,16.69918438683367,13.115787940576755,15.36006408389164
1716461,1716461_20227_2_0,1,0.04147661996235441,0.0,0,40,0,48,0,51,13.39881938137721,17.92379400609007,21.07909076339548
1719290,1719290_20227_2_0,1,0.0022157497709468675,0.0,22,40,33,47,40,55,30.343,39.711,47.9655
1719314,1719314_20227_2_0,0,0.022643854784191512,0.2126753507014028,29,58,26,61,31,63,43.68995547727384,43.29115905866236,46.27144185136259
1720575,1720575_20227_2_0,1,0.002152600902474882,0.0,23,38,32,48,39,55,29.944415851775606,39.6654657745754,47.757076685537825
1724305,1724305_20227_2_0,0,0.09926669761330513,0.48972945891783565,15,74,53,106,16,81,46.01489938728363,78.11344739456032,48.78649791855002
1727158,1727158_20227_2_0,0,0.08907203291717859,0.30410821643286573,16,78,60,108,16,79,45.064217216632045,83.26640878617893,46.9988183932636
1727387,1727387_20227_2_0,1,0.0026522524758234,0.0,22,40,32,48,40,55,30.455722639933168,40.27568922305765,47.94903926482874
1727967,1727967_20227_2_0,1,0.05428254576354183,0.0,0,46,0,41,0,49,15.538400310223075,14.754760495540543,20.997673326938383
1729122,1729122_20227_2_0,1,0.03795136207677795,0.0,0,41,0,37,0,38,14.620037365716955,13.624386968706212,16.579431340495095
1729317,1729317_20227_2_0,1,0.0590585943948178,0.0,0,57,0,46,0,38,24.930948450513995,20.13900352667517,16.943122983417123
1729513,1729513_20227_2_0,1,0.002594642981778782,0.0,22,40,33,48,40,55,30.319812126387703,40.21605465414176,47.847139197267296
1730346,1730346_20227_2_0,1,0.002580240608267627,0.0,23,39,32,49,40,55,30.3048518677544,40.09403177329326,47.65092314297982
1731991,1731991_20227_2_0,1,0.0033479979039007166,0.0,34,57,0,17,0,14,46.191264063534085,6.124090006618133,5.097948378557247
1732502,1732502_20227_2_0,1,0.0052557584566859696,0.0,25,65,0,14,0,16,45.63553962900506,5.623946037099494,5.318929173693086
1734427,1734427_20227_2_0,1,0.03600039440345923,0.0,0,29,0,45,0,47,11.347653485151561,17.43708262809663,20.225296199415293
1735245,1735245_20227_2_0,1,0.0032438576646662137,0.0,21,41,32,49,40,55,30.599043715846996,40.607581967213115,47.841188524590166
1737124,1737124_20227_2_0,0,0.09519193378453385,0.45127755511022044,14,74,54,108,16,80,45.18565459772122,79.07346112216752,48.243043189832754
1737403,1737403_20227_2_0,0,0.05119822208238379,0.38952905811623245,9,51,27,70,17,71,28.544868327094107,48.54614502412741,45.741587864886505
1738852,1738852_20227_2_0,1,0.039292998563086275,0.0,0,44,0,35,0,38,16.104068570784108,13.144585107282825,16.22344714805312
1742047,1742047_20227_2_0,1,0.045736398896999764,0.0,0,41,0,46,0,37,16.548603541409296,19.884746748056102,15.143618438582468
1744135,1744135_20227_2_0,1,0.0049621716120355095,0.0,32,58,0,15,0,18,45.16008037508372,5.1848626925653045,7.120339361464612
1747565,1747565_20227_2_0,1,0.03767106973075317,0.0,5,42,0,47,0,52,23.398258977149077,22.45395994471076,20.466311796017997
1748472,1748472_20227_2_0,1,0.034469311311734946,0.0,0,44,0,38,0,30,16.726095201362774,15.624722784688073,12.095233503680134
1749632,1749632_20227_2_0,1,0.031592160234160435,0.0,0,38,0,35,0,29,15.107483518024969,14.219701220367513,13.123053724224997
1751533,1751533_20227_2_0,1,0.049473260885701656,0.0,0,42,0,45,0,41,14.923772841275529,16.26574256538875,17.55215424579004
1751711,1751711_20227_2_0,1,0.033834499002358666,0.0,0,43,0,35,0,31,16.039423706614276,13.726031434184677,14.015586116568436
1752380,1752380_20227_2_0,1,0.005505030305917492,0.0,38,63,0,14,0,19,51.08714026967196,5.344334876232643,7.814047091970215
1754288,1754288_20227_2_0,1,0.005652377665685459,0.0,0,25,2,42,0,13,8.21030968247746,24.430223441787533,3.9568796550372403
1755119,1755119_20227_2_0,0,0.1095765812975209,0.4410070140280561,6,75,54,108,19,86,43.27820073402287,79.13389345546827,50.1761857098082
1756561,1756561_20227_2_0,0,0.09534371264384371,0.4427605210420842,16,75,55,107,14,82,44.72276318847316,79.0457006739484,48.432175226586104
1757112,1757112_20227_2_0,1,0.026292086782055527,0.0,0,41,0,42,0,29,13.189870217427945,15.978172931063543,11.084695769425249
1757568,1757568_20227_2_0,1,0.007080428393060715,0.0,42,63,10,28,25,51,53.117039586919105,19.31763417305586,37.057424503207635
1757819,1757819_20227_2_0,1,0.03139052700500427,0.0,2,35,22,78,42,74,18.855015176113504,48.628079339309664,58.657443354274015
1758928,1758928_20227_2_0,1,0.00909232918508047,0.0,18,43,74,97,27,58,31.080906543194832,85.21822834165955,41.29462653832095
1760235,1760235_20227_2_0,1,0.04345860813246638,0.0,0,41,0,45,0,39,14.285492135518902,15.625767965941826,16.45313177148393
1762898,1762898_20227_2_0,0,0.06630409614581406,0.6490480961923848,18,72,49,100,17,67,44.261545916321346,76.05084547520384,42.03057746290603
1763803,1763803_20227_2_0,1,0.032918286472072136,0.0,0,44,0,39,0,29,16.508060444923096,14.834887086460473,11.910375929727728
1768057,1768057_20227_2_0,1,0.0016163894579057398,0.0,85,90,37,59,30,52,88.35023989033584,48.54009595613434,41.02947224126114
1772102,1772102_20227_2_0,0,0.00453342403135729,0.03193887775551102,36,52,37,52,16,41,44.559628543499514,44.706011730205276,29.144916911045943
1777721,1777721_20227_2_0,0,0.10037678824854951,0.3866482965931864,0,47,21,71,21,82,23.849232365374213,46.6641501937022,50.2812710395903
1778636,1778636_20227_2_0,0,0.061100407808745344,0.531312625250501,9,51,30,75,6,72,28.55397000960998,51.82259614512883,41.677159072364965
1779841,1779841_20227_2_0,1,0.034033916481743885,0.0,0,39,0,44,0,30,13.830338541666666,16.086555989583335,13.539290364583334
1782520,1782520_20227_2_0,1,0.0010724228891382838,0.0,38,51,0,6,28,43,44.81198347107438,2.4173553719008263,34.79752066115702
1787768,1787768_20227_2_0,1,0.03172067372087536,0.0,0,43,0,35,0,31,15.545927633417156,13.087140262643196,13.898086057557977
1787859,1787859_20227_2_0,1,0.0018080518130926438,0.0,83,90,41,57,27,49,87.66115196078431,48.28125,38.42585784313726
1791152,1791152_20227_2_0,1,0.002619016229259197,0.0,23,39,32,49,39,55,30.1417089678511,40.147631133671744,47.71065989847716
1791500,1791500_20227_2_0,1,0.039841396631395624,0.0,0,37,0,45,0,35,13.607752627773761,16.287247650297537,16.051415382904178
1791623,1791623_20227_2_0,1,0.03122877727172515,0.0,0,43,0,36,0,31,15.442812544345111,13.204022988505747,13.707677025684688
1793604,1793604_20227_2_0,0,0.05095892110712153,0.39817134268537074,8,50,27,69,17,70,28.710307193947433,48.36198012913886,45.125769071895995
1794287,1794287_20227_2_0,1,0.0012230938735626707,0.0,39,52,0,6,27,43,45.305253623188406,2.339673913043478,34.86413043478261
1795327,1795327_20227_2_0,1,0.02694130146494296,0.0,0,37,0,32,0,33,15.533144173040546,14.067234147545028,14.70063327576281
1796201,1796201_20227_2_0,0,0.3511775048220254,1.0,9,79,9,98,2,76,44.46220775246622,51.97618168797696,40.18271642327822
1797945,1797945_20227_2_0,1,0.03947247429453297,0.0,0,39,0,43,0,36,14.25190154087962,15.569423783996182,16.117741165904178
1798022,1798022_20227_2_0,0,0.06313003459893267,0.5166583166332666,9,50,29,75,7,74,28.229243809557236,51.51023989610937,42.23852728006599
1798826,1798826_20227_2_0,1,0.023515752319059103,0.0,0,24,0,44,0,42,9.267784792235936,19.379346084990107,16.213558842928485
1800389,1800389_20227_2_0,1,0.0010203527695210324,0.0,47,61,0,6,43,59,53.542888165038,2.1509229098805647,50.393051031487516
1801662,1801662_20227_2_0,0,0.019858657322111298,0.34807114228456915,41,81,39,67,13,46,60.355481171548114,53.109958158995816,29.276094839609485
1802165,1802165_20227_2_0,1,0.006800136047035936,0.0,38,67,0,17,0,20,52.870478983382206,5.762463343108505,8.02117953730857
1802312,1802312_20227_2_0,1,0.032127263803844106,0.0,0,45,0,35,0,33,18.976619883444258,15.0646918859271,15.514397048174075
1804359,1804359_20227_2_0,0,0.022030092097639228,0.13301603206412826,25,64,21,54,23,58,44.661503645964295,37.63153130500377,39.14870505406085
1808080,1808080_20227_2_0,1,0.002301056137128322,0.0,36,51,6,20,17,34,43.77323062108811,12.787674530572941,25.39576311988445
1809467,1809467_20227_2_0,0,0.056023017208620594,0.0027555110220440883,0,42,0,45,0,52,17.940535516532194,19.541903970890683,23.5109357696567
1810273,1810273_20227_2_0,0,0.08245248047647483,0.4431362725450902,0,55,46,108,24,90,23.17341180264431,79.32117327743738,61.23413146296893
1810503,1810503_20227_2_0,1,0.006524275200553051,0.0,30,60,0,13,0,22,45.11920529801324,4.844625573102395,8.701986754966887
1816710,1816710_20227_2_0,1,0.004024909458924985,0.0,80,90,51,78,38,62,86.20478943022296,65.38398018166804,50.65290393614093
1818790,1818790_20227_2_0,1,0.03330936630664426,0.0,0,37,0,42,0,42,13.561631078294418,19.523814275261092,15.702022217787533
1822006,1822006_20227_2_0,1,0.04053603418458747,0.0,0,44,0,37,0,36,15.998059526087076,13.451392495012161,16.77935991691492
1823370,1823370_20227_2_0,1,0.002876043202689034,0.0,22,40,31,47,38,55,30.080123266563945,39.40677966101695,47.110169491525426
1825119,1825119_20227_2_0,1,0.042801638325380635,0.0,0,38,0,43,0,40,13.941450535797484,16.458689237459232,17.288528239374646
1826806,1826806_20227_2_0,1,0.013380912866748132,0.0,0,31,0,40,0,20,10.81164100016559,20.751200529889054,6.918695148203345
1827951,1827951_20227_2_0,0,0.01713217722896118,0.3975450901803607,14,47,46,72,9,50,29.600232798758405,59.63372995344025,31.019917227108124
1829767,1829767_20227_2_0,0,0.07170830983715347,0.6379008016032064,17,77,48,100,16,66,45.23562401507895,75.7261687729815,41.30295399066836
1834990,1834990_20227_2_0,1,0.028840199018644427,0.0,0,31,0,31,0,47,13.490742163491088,13.366049477566072,21.30328057775046
1835567,1835567_20227_2_0,1,0.0027043225954406515,0.0,39,54,6,21,17,35,46.14789020893077,12.819336337566572,25.51536255632937
1839553,1839553_20227_2_0,1,0.0022567411417093843,0.0,23,38,32,47,39,54,30.066764850270005,39.52086401570938,47.53510063819342
1840651,1840651_20227_2_0,1,0.03223805129239145,0.0,0,44,0,34,0,32,17.58524347915736,13.342829650503454,12.905804323172617
1843239,1843239_20227_2_0,0,0.018890374672207517,0.12262024048096193,24,58,27,52,23,59,41.893202744707054,39.8215940414052,39.71280276816609
1844129,1844129_20227_2_0,1,0.031165628403253164,0.0,0,42,0,36,0,30,15.202978920052612,13.60996765134549,13.304503928050904
1845485,1845485_20227_2_0,0,0.09507006754713176,0.27041583166332667,13,78,61,108,17,79,44.20674023749315,83.78368079428525,47.031184086327244
1847727,1847727_20227_2_0,1,0.002525954738879429,0.0,23,39,32,48,39,55,30.225438596491227,39.73026315789474,47.674561403508775
1848625,1848625_20227_2_0,1,0.02368858080119296,0.0,0,38,0,41,0,27,12.530960621083153,16.037695257693386,10.417500701524647
1849180,1849180_20227_2_0,0,0.1042222219760278,0.2593937875751503,0,59,56,108,0,90,24.07201777324234,82.54145672555647,46.90706252524608
1849576,1849576_20227_2_0,1,0.03899719596866487,0.0,0,38,0,44,0,36,13.630994318181818,15.6046875,16.1665625
1849924,1849924_20227_2_0,0,0.0636795405421275,0.4145791583166333,43,90,38,92,13,66,66.21101619721985,63.87200542806938,38.98310687381478
1850633,1850633_20227_2_0,1,0.0011976127511967819,0.0,39,52,0,6,27,43,45.21831637372803,2.333950046253469,34.98982423681776
1853096,1853096_20227_2_0,1,0.0051970410877558776,0.0,25,64,0,17,0,15,44.755489234704754,6.248774248561074,4.70049030057557
1853103,1853103_20227_2_0,1,0.031579973610420226,0.0,0,42,0,37,0,31,14.868970356077881,13.745658656376074,13.865602525872655
1854149,1854149_20227_2_0,0,0.06283312412962579,0.49574148296593185,8,51,30,74,6,74,27.98376090981222,51.42406770695583,42.4536013400335
1854188,1854188_20227_2_0,1,0.049175242541509304,0.0,0,34,0,47,0,52,11.943249149525762,16.604321085002365,21.86692049473945
1854803,1854803_20227_2_0,1,0.04340875376262008,0.0,0,46,0,50,0,35,17.084885917002705,17.99844316267674,12.779056709713643
1855457,1855457_20227_2_0,1,0.03738856163495744,0.0,0,39,0,40,0,40,15.892112125162972,18.97546521275335,17.386422899134764
1855965,1855965_20227_2_0,1,0.009764809240562845,0.0,34,57,0,26,16,42,45.67937372362151,12.0142954390742,28.251985477649196
1856162,1856162_20227_2_0,1,0.04149213021075104,0.0,0,42,0,45,0,47,13.954181352130727,16.918482324041438,19.956050411192994
1856825,1856825_20227_2_0,1,0.045859373009287316,0.0,0,47,0,41,0,42,15.014857225684882,14.65888776151133,18.339445330241098
1856950,1856950_20227_2_0,1,0.06590969268658552,0.0,0,37,0,47,0,51,14.65855913400121,19.57305183890271,24.11682242990654
1857303,1857303_20227_2_0,0,0.02807244172301134,0.20115230460921843,16,46,20,73,28,60,31.152215951695016,45.27234697501875,44.13816646276491
1860047,1860047_20227_2_0,1,0.039761629639641534,0.0,0,36,0,45,0,47,13.09478963499582,17.290415157425468,19.8006408470326
1861808,1861808_20227_2_0,1,0.03317752919527292,0.0,0,37,0,44,0,30,13.620028717400741,16.174875613584,13.564897986442716
1862177,1862177_20227_2_0,1,0.03807322831418002,0.0,0,32,0,45,0,52,11.222167258336729,17.192748646918467,21.690158877960776
1864473,1864473_20227_2_0,0,0.049684864988827085,0.3653557114228457,8,51,25,69,20,69,28.63705487546547,47.365487100586435,45.81780275157759
1865592,1865592_20227_2_0,0,0.062346767054902955,0.4908567134268537,8,51,30,74,6,73,27.836413391143648,51.66436846968512,41.92025019546521
1868797,1868797_20227_2_0,1,0.02671418711342091,0.0,0,44,0,37,0,27,14.95210052668685,14.811305105130012,10.556463318541866
1870299,1870299_20227_2_0,1,0.0011843182525711007,0.0,38,52,0,6,26,44,45.57530402245089,2.059869036482694,34.55285313376988
1872481,1872481_20227_2_0,1,0.03292050222184308,0.0,0,44,0,35,0,31,16.208244994110718,13.854787144539795,12.96133266027259
1875142,1875142_20227_2_0,0,0.020718368233238683,0.1998997995991984,26,59,26,61,30,62,43.274691192984335,43.04325971873162,45.535907170739534
1876068,1876068_20227_2_0,1,0.0022944088878154812,0.0,23,38,33,47,39,55,29.91887976822791,39.9507484307098,47.51231289232255
1877384,1877384_20227_2_0,1,0.040352126953598876,0.0,0,34,0,47,0,45,11.612717239107157,16.923509870137,19.348763144167147
1877856,1877856_20227_2_0,0,0.06023515752319059,0.5067635270541082,9,50,30,74,5,72,28.27919808718043,51.82963031083318,41.32451719698363
1877867,1877867_20227_2_0,0,0.026756286359068897,0.1968937875751503,16,45,22,72,28,62,30.814044967082108,45.811891847128486,44.13647468013747
1878378,1878378_20227_2_0,1,0.0011477583813504773,0.0,38,52,0,6,26,43,45.05501930501931,2.22007722007722,34.431467181467184
1878849,1878849_20227_2_0,1,0.006743634427876791,0.0,32,61,0,17,0,20,47.20009857072449,5.374897322161985,8.023821258419582
1879281,1879281_20227_2_0,0,0.06117685117584301,0.4913577154308617,9,51,28,75,9,73,28.446360014487503,51.2751539297356,42.68208982252807
1882230,1882230_20227_2_0,0,0.08290670917951894,0.22845691382765532,0,58,56,108,0,90,23.493305182136464,82.52461448004918,45.75670149931849
1882454,1882454_20227_2_0,1,0.002474992494147651,0.0,23,40,32,47,39,55,30.527305282005372,39.55058191584602,47.26499552372426
1882741,1882741_20227_2_0,0,0.04620502997355503,0.3196392785571142,0,52,47,108,26,87,23.202512827890473,84.28902316213494,53.177552390543326
1882784,1882784_20227_2_0,1,0.0025281704886503755,0.0,22,40,32,47,39,55,30.09991235758107,39.54864154250657,47.99956178790534
1886039,1886039_20227_2_0,1,0.03476622178104182,0.0,0,37,0,42,0,41,13.93989993945381,19.39852139829833,15.680571046174437
1886111,1886111_20227_2_0,1,0.04084291552786361,0.0,0,44,0,42,0,30,17.409591493517063,17.533147073183965,12.404953073292464
1886426,1886426_20227_2_0,0,0.06726351579663406,0.6457915831663327,17,72,48,100,17,69,43.27664130184142,76.09711104522844,42.7979708139803
1886513,1886513_20227_2_0,1,0.02891885813551304,0.0,0,42,0,35,0,30,15.37352028502471,13.65287514845037,12.491552695092517
1887274,1887274_20227_2_0,0,0.0915071419154492,0.05047595190380762,0,44,0,62,0,48,18.90081964235989,25.903047326174075,21.24784193130501
1888092,1888092_20227_2_0,1,0.02837046006720369,0.0,0,45,0,36,0,28,16.173344267416432,13.61203530146829,11.498047485160887
1890423,1890423_20227_2_0,0,0.0054440971872164534,0.0070140280561122245,21,41,30,52,28,60,30.231583231583233,41.24684574684575,45.11701261701262
1892253,1892253_20227_2_0,1,0.03345339004175581,0.0,0,43,0,37,0,35,18.897138693866737,15.566962511590939,15.570638495164923
1892851,1892851_20227_2_0,1,0.007680896580987316,0.0,20,47,22,43,3,26,32.9265830087985,32.550699552863115,14.818981681811625
1893485,1893485_20227_2_0,1,0.028111217344002907,0.0,0,43,0,36,0,28,15.332623945771262,13.766217387877354,12.230393315992748
1893995,1893995_20227_2_0,1,0.003750156487327573,0.0,36,58,0,14,0,16,47.0549483013294,5.093943870014771,6.436632200886263
1895367,1895367_20227_2_0,0,0.09819095109951043,0.2680360721442886,0,59,57,108,1,90,24.13520252736094,82.77877693783144,48.38385422543157
1896288,1896288_20227_2_0,1,0.03836681515883048,0.0,0,37,0,45,0,48,13.16863503797176,17.229822990961853,20.16652709999711
1897315,1897315_20227_2_0,1,0.025971910940153706,0.0,0,36,0,39,0,31,13.961907605681867,17.598387578381608,11.528217378321887
1898387,1898387_20227_2_0,1,0.0023686365051422014,0.0,23,38,31,48,39,55,30.007015902712816,39.63517305893358,47.496725912067355
1899213,1899213_20227_2_0,1,2.5481122365888976e-05,0.0,24,25,66,103,45,72,24.565217391304348,83.52173913043478,57.130434782608695
1900550,1900550_20227_2_0,1,0.025245145015283132,0.0,0,42,0,37,0,28,14.234036950893053,14.426997849651118,10.925571597840873
1901940,1901940_20227_2_0,0,0.01742354832384069,0.1436623246492986,25,62,24,55,29,58,44.56800406943473,39.04196604565397,42.75513448210084
1906608,1906608_20227_2_0,1,0.036782554072603474,0.0,0,37,0,44,0,34,13.448209391283395,16.01575253757417,15.306647390138851
1908178,1908178_20227_2_0,1,0.03233000490788574,0.0,0,43,0,34,0,33,18.157391542731823,14.312144472620108,14.877116030429717
1909421,1909421_20227_2_0,0,0.06250851678818208,0.5271793587174348,8,50,30,75,7,72,28.349509056750914,51.86966077062139,41.94144128176952
1915380,1915380_20227_2_0,1,0.009749298992166217,0.0,18,48,16,45,4,26,31.817840909090908,30.443295454545453,15.32875
1915868,1915868_20227_2_0,0,0.09654464901969691,0.5107715430861723,17,76,54,108,15,79,44.65186358211695,78.75211144771872,47.53509134306435
1916411,1916411_20227_2_0,0,0.0049998393581416065,0.24223446893787576,45,65,49,68,26,48,54.89341901174385,58.738089962331046,36.393972966984265
1918037,1918037_20227_2_0,0,0.005746547030950701,0.01941382765531062,22,40,30,54,27,60,30.428957007904376,41.74879506458454,44.417389627915945
1920271,1920271_20227_2_0,1,0.027566142900349977,0.0,0,38,0,35,0,29,14.577445542962785,13.870348042761837,12.523068885137851
1921338,1921338_20227_2_0,0,0.07184679419783765,0.6087174348697395,14,75,49,100,17,68,45.266549474950274,76.50158054617508,42.26593267644292
1921563,1921563_20227_2_0,1,0.0289122108862002,0.0,0,43,0,35,0,28,15.923899298769973,13.570985170709276,12.215197149097598
1922470,1922470_20227_2_0,1,0.010097171706204874,0.0,47,73,18,50,4,27,58.84167215273206,33.75718674566601,15.614439324116743
1923627,1923627_20227_2_0,1,0.0023209978850668436,0.0,23,39,32,48,39,55,30.039140811455848,39.637231503579955,47.68735083532219
1923843,1923843_20227_2_0,1,0.00913110480607204,0.0,46,74,19,49,5,25,59.394685755884495,33.959597185149235,15.183207959233195
1924457,1924457_20227_2_0,1,0.03125758201874746,0.0,0,42,0,36,0,31,15.150705323598213,13.423973913659886,13.68756645636918
1924832,1924832_20227_2_0,0,0.007652091833965007,0.35420841683366733,24,45,47,75,23,49,34.29926161864775,61.064861734472274,36.10004343419719
1926102,1926102_20227_2_0,0,0.06142833877484548,0.5122745490981964,8,50,29,76,7,73,28.134723249228994,52.147023283495955,41.97274875105957
1926861,1926861_20227_2_0,0,0.1118997949323587,0.2571392785571142,44,90,43,107,4,71,68.07179913666785,74.76878143439863,35.60188705397806
1927249,1927249_20227_2_0,1,0.002150385152703935,0.0,37,56,0,6,36,60,46.59608449252963,2.2498712004121586,48.35548686244204
1927698,1927698_20227_2_0,1,0.04484012811465175,0.0,55,90,0,43,0,52,77.8493847902357,14.979913030587538,20.687256016207936
1928809,1928809_20227_2_0,1,0.0020628630367515335,0.0,39,53,6,19,18,36,46.10580021482277,12.305585392051558,26.015574650912995
1928929,1928929_20227_2_0,1,0.0030610583085630976,0.0,36,54,0,9,28,51,45.11871154542164,3.2218602967788637,38.9728555917481
1932719,1932719_20227_2_0,1,0.029210229230392553,0.0,0,43,0,35,0,29,15.87923841310779,13.603807934461049,12.524425396343776
1934234,1934234_20227_2_0,1,0.029823991916944837,0.0,0,46,0,35,0,28,16.451151560178307,13.742793462109955,12.057429420505201
1935447,1935447_20227_2_0,1,0.04746468371833832,0.0,47,90,0,45,0,42,75.08969960086829,15.513642835469039,17.281889690264453
1937324,1937324_20227_2_0,1,0.036048033023534584,0.0,0,40,0,35,0,35,14.801032638760834,14.280656463212244,15.550248939701273
1939344,1939344_20227_2_0,0,0.05726937645477821,0.43624749498997994,9,50,29,73,12,73,27.84007505851856,50.34308320275473,44.2643684831602
1940337,1940337_20227_2_0,1,0.002439540497812501,0.0,22,38,32,47,39,55,29.567211625794734,39.39600363306085,47.52815622161671
1942877,1942877_20227_2_0,1,0.030308133241896726,0.0,0,42,0,35,0,30,15.314435062324085,13.395840187155024,13.06967138209599
1943453,1943453_20227_2_0,1,0.032195952046743456,0.0,0,36,0,44,0,29,13.16035236227246,16.41860225043873,13.093561818244382
1946428,1946428_20227_2_0,0,0.0627577886374136,0.5175350701402806,8,51,29,76,8,73,27.92783377760517,51.80154288841421,42.45794128550497
1946782,1946782_20227_2_0,1,0.002897092825513029,0.0,22,40,33,47,38,56,30.28565965583174,40.276481835564056,47.58279158699809
1946841,1946841_20227_2_0,0,0.09293297689305352,0.45791583166332667,17,74,54,107,15,79,44.33002718039197,78.67995088455486,47.85603929235611
1947485,1947485_20227_2_0,1,0.02521190876871893,0.0,0,36,0,37,0,29,14.46978951531397,17.425187854286595,12.59093905172035
1949347,1949347_20227_2_0,1,0.04300437942942228,0.0,0,38,0,45,0,46,13.092227632222995,15.65463585542417,19.669036762243348
1950735,1950735_20227_2_0,1,0.0019365652998075621,0.0,22,40,34,47,39,55,30.59324942791762,40.26315789473684,47.79061784897025
1950778,1950778_20227_2_0,1,0.028433608935675675,0.0,0,43,0,35,0,28,15.704734073641145,13.342178063510618,12.310578609000585
1951362,1951362_20227_2_0,1,0.0006735879303678477,0.0,86,90,42,56,53,71,88.76973684210526,48.66940789473684,62.67598684210526
1951601,1951601_20227_2_0,1,0.001075746513794704,0.0,38,51,0,6,26,43,44.90834191555098,2.040164778578785,34.365602471678685
1953551,1953551_20227_2_0,1,0.028558798797734174,0.0,0,45,0,36,0,29,15.826829079059664,13.477616572270929,11.873031266971836
1955319,1955319_20227_2_0,1,0.002091667783773843,0.0,23,40,34,47,39,55,30.64406779661017,40.32997881355932,47.59375
1956400,1956400_20227_2_0,1,0.026029520434198324,0.0,0,36,0,31,0,33,15.369738242179187,13.44239199829751,14.582762289848905
1956630,1956630_20227_2_0,1,0.00445254916471773,0.0,36,58,0,15,0,18,47.22741975615825,5.411545160487684,7.190345857178403
1956692,1956692_20227_2_0,1,0.02995139752877428,0.0,0,38,0,50,34,66,12.697910116515628,17.48111707046421,48.97344183465878
1957406,1957406_20227_2_0,1,0.009878920353766609,0.0,35,57,0,26,17,43,45.686553773690704,11.689693843220814,29.296736570595492
1959392,1959392_20227_2_0,1,0.03421339221319058,0.0,0,38,0,44,0,30,13.916132374846189,16.423191503140988,13.420471472054919
1961496,1961496_20227_2_0,1,0.002304379761784742,0.0,22,38,32,47,39,55,29.60048076923077,39.25817307692308,47.651923076923076
1969531,1969531_20227_2_0,1,0.041997321158526925,0.0,0,40,0,44,0,39,14.213042101930991,15.408146037775667,16.264192254932997
1974201,1974201_20227_2_0,0,0.09335175359976247,0.31162324649298595,13,82,60,106,17,82,45.2359426550521,82.27782393012271,47.960599083810024
1974869,1974869_20227_2_0,0,0.005128352844856524,0.004133266533066132,22,40,29,53,28,61,30.258587167854827,40.68826960466623,45.29250378051415
1975224,1975224_20227_2_0,1,0.03815964255524695,0.0,0,42,0,36,0,38,14.583672047381256,13.819678318429915,16.45177679711996
1977231,1977231_20227_2_0,1,0.0009948716471551435,0.0,25,37,23,34,33,46,30.29621380846325,28.174832962138083,39.771714922049
1977461,1977461_20227_2_0,1,0.0020595394120951132,0.0,23,40,33,47,39,55,30.57235072619688,39.85960193652501,47.76600322754169
1978026,1978026_20227_2_0,1,0.005354359321493105,0.0,32,58,0,15,0,18,45.1967721911856,5.375336230084834,7.375336230084834
1978713,1978713_20227_2_0,1,0.0023309687590361045,0.0,23,38,32,49,40,55,30.129752851711025,40.013783269961976,47.922528517110266
1978947,1978947_20227_2_0,1,0.010655540648483485,0.0,34,56,0,26,17,43,45.204096485755876,12.165834892909128,29.119255562487005
1981135,1981135_20227_2_0,1,0.0026733020986473956,0.0,22,39,31,47,38,55,29.79527559055118,39.33899709904683,47.35681723995027
1982457,1982457_20227_2_0,1,0.042508051480730176,0.0,0,48,0,36,0,37,16.989001537699707,12.89634861476713,17.31038077614741
1984120,1984120_20227_2_0,0,0.022575166541292158,0.05110220440881764,19,47,13,54,23,63,32.41183687490798,33.00063797418658,44.318201894292585
1984986,1984986_20227_2_0,1,0.04179458005448529,0.0,0,36,0,48,0,50,12.73561298873426,17.81502982107356,20.74181577203446
1986219,1986219_20227_2_0,1,0.0027187249689518064,0.0,23,40,32,48,39,55,30.751018744906276,40.08027709861451,47.45273023634882
1988000,1988000_20227_2_0,0,0.006845558917340347,0.007890781563126252,31,55,55,79,7,31,44.192587797378216,66.49117980255704,19.129794465123805
1988495,1988495_20227_2_0,1,0.0025835642329240472,0.0,22,39,32,48,39,55,30.280874785591767,39.880360205831906,47.706689536878216
1989029,1989029_20227_2_0,1,0.023222165474408644,0.0,0,26,0,43,0,35,9.784933924908163,19.705882352941178,14.865846095129049
1991223,1991223_20227_2_0,1,0.03157554211087833,0.0,0,44,0,36,0,31,15.477386758359355,13.297743938809164,13.723307954106874
1991938,1991938_20227_2_0,1,0.0047062525134911465,0.0,28,50,0,15,0,18,38.853813559322035,5.323446327683616,7.422316384180791
1994314,1994314_20227_2_0,0,0.03737194351167534,0.006513026052104208,44,84,67,101,25,77,62.56544036996413,84.17677052144784,50.02665046097293
1995151,1995151_20227_2_0,1,3.6559871220623314e-05,0.0,43,45,61,63,55,59,43.96969696969697,61.93939393939394,57.21212121212121
1997786,1997786_20227_2_0,1,0.03006107714243615,0.0,0,38,0,35,0,31,16.93263064789563,13.674172624751234,12.518943023512936
1998582,1998582_20227_2_0,0,0.09318889599159788,0.4758266533066132,16,76,55,107,17,79,44.70213398323723,78.59218926469714,48.016524995541815
